simulation_id,node_id,node_type,value_initial,value_final,value_max,value_min,value_mean,rate_final
1,sistema,system,6387.0,6387.0,6387.0,6387.0,6387.0,1.0
1,vulnerables,population,6387.0,6387.0,6387.0,6387.0,6387.0,1.0
1,no_solicitantes,administrative_state,6387.0,930.0,6387.0,930.0,2871.1967213114754,0.1456082667919211
1,pendiente_grado,administrative_state,0.0,177.0,749.0,0.0,461.1639344262295,0.027712541099107563
1,sin_grado,administrative_state,0.0,1360.0,1360.0,0.0,798.9344262295082,0.21293251917958353
1,con_derecho,administrative_state,0.0,136.0,448.0,0.0,285.91803278688525,0.021293251917958354
1,con_pia,administrative_state,0.0,38.0,105.0,0.0,62.032786885245905,0.005949585094723657
1,prestacion_efectiva,administrative_state,0.0,2708.0,2708.0,0.0,1377.622950819672,0.42398622201346486
1,lista_espera,administrative_state,0.0,1038.0,1038.0,0.0,530.1311475409836,0.16251761390324096
1,grado_I,degree,0.0,1491.0,1491.0,0.0,872.7540983606557,0.38035714285714284
1,grado_II,degree,0.0,1444.0,1444.0,0.0,827.327868852459,0.3683673469387755
1,grado_III,degree,0.0,985.0,985.0,0.0,555.6229508196722,0.2512755102040816
1,teleasistencia,benefit,0.0,755.0,755.0,0.0,383.57377049180326,0.2788035450516987
1,ayuda_domicilio,benefit,0.0,577.0,577.0,0.0,291.59016393442624,0.21307237813884786
1,atencion_residencial,benefit,0.0,264.0,264.0,0.0,130.31147540983608,0.09748892171344166
1,cuidados_familiares,benefit,0.0,1112.0,1112.0,0.0,572.1475409836065,0.41063515509601184
2,sistema,system,6387.0,6387.0,6387.0,6387.0,6387.0,1.0
2,vulnerables,population,6387.0,6387.0,6387.0,6387.0,6387.0,1.0
2,no_solicitantes,administrative_state,6387.0,790.0,6387.0,790.0,2666.4590163934427,0.12368874275872867
2,pendiente_grado,administrative_state,0.0,169.0,903.0,0.0,496.1803278688525,0.026459996868639424
2,sin_grado,administrative_state,0.0,728.0,728.0,0.0,441.78688524590166,0.1139815249726006
2,con_derecho,administrative_state,0.0,172.0,577.0,0.0,360.5409836065574,0.026929700955064976
2,con_pia,administrative_state,0.0,38.0,130.0,0.0,74.22950819672131,0.005949585094723657
2,prestacion_efectiva,administrative_state,0.0,3017.0,3017.0,0.0,1574.2459016393443,0.4723657429152967
2,lista_espera,administrative_state,0.0,1473.0,1473.0,0.0,773.5573770491803,0.23062470643494598
2,grado_I,degree,0.0,1704.0,1704.0,0.0,1014.5573770491803,0.3625531914893617
2,grado_II,degree,0.0,1822.0,1822.0,0.0,1078.327868852459,0.38765957446808513
2,grado_III,degree,0.0,1174.0,1174.0,0.0,689.688524590164,0.24978723404255318
2,teleasistencia,benefit,0.0,862.0,862.0,0.0,438.95081967213116,0.2857142857142857
2,ayuda_domicilio,benefit,0.0,638.0,638.0,0.0,345.40983606557376,0.2114683460391117
2,atencion_residencial,benefit,0.0,352.0,352.0,0.0,182.59016393442624,0.1166721909181306
2,cuidados_familiares,benefit,0.0,1165.0,1165.0,0.0,607.2950819672132,0.386145177328472
3,sistema,system,6387.0,6387.0,6387.0,6387.0,6387.0,1.0
3,vulnerables,population,6387.0,6387.0,6387.0,6387.0,6387.0,1.0
3,no_solicitantes,administrative_state,6387.0,847.0,6387.0,847.0,2749.3606557377047,0.13261312040081416
3,pendiente_grado,administrative_state,0.0,206.0,866.0,0.0,502.2950819672131,0.03225301393455456
3,sin_grado,administrative_state,0.0,1375.0,1375.0,0.0,808.1147540983607,0.2152810396117113
3,con_derecho,administrative_state,0.0,147.0,497.0,0.0,289.3606557377049,0.023015500234852042
3,con_pia,administrative_state,0.0,26.0,120.0,0.0,62.49180327868852,0.00407076874902145
3,prestacion_efectiva,administrative_state,0.0,2386.0,2386.0,0.0,1230.311475409836,0.3735713167371223
3,lista_espera,administrative_state,0.0,1400.0,1400.0,0.0,745.0655737704918,0.21919524033192422
3,grado_I,degree,0.0,1340.0,1340.0,0.0,785.6229508196722,0.33846931043192724
3,grado_II,degree,0.0,1542.0,1542.0,0.0,918.983606557377,0.3894922960343521
3,grado_III,degree,0.0,1077.0,1077.0,0.0,622.6229508196722,0.2720383935337206
3,teleasistencia,benefit,0.0,705.0,705.0,0.0,356.26229508196724,0.2954735959765298
3,ayuda_domicilio,benefit,0.0,522.0,522.0,0.0,266.1311475409836,0.21877619446772842
3,atencion_residencial,benefit,0.0,241.0,241.0,0.0,131.1639344262295,0.10100586756077116
3,cuidados_familiares,benefit,0.0,918.0,918.0,0.0,476.75409836065575,0.38474434199497065
4,sistema,system,6387.0,6387.0,6387.0,6387.0,6387.0,1.0
4,vulnerables,population,6387.0,6387.0,6387.0,6387.0,6387.0,1.0
4,no_solicitantes,administrative_state,6387.0,644.0,6387.0,644.0,2528.5245901639346,0.10082981055268514
4,pendiente_grado,administrative_state,0.0,157.0,957.0,0.0,514.4262295081967,0.024581180522937215
4,sin_grado,administrative_state,0.0,1041.0,1041.0,0.0,617.4754098360655,0.1629873179896665
4,con_derecho,administrative_state,0.0,135.0,583.0,0.0,315.4918032786885,0.021136683889149837
4,con_pia,administrative_state,0.0,34.0,143.0,0.0,72.29508196721312,0.005323312979489589
4,prestacion_efectiva,administrative_state,0.0,2916.0,2916.0,0.0,1546.5245901639344,0.4565523720056365
4,lista_espera,administrative_state,0.0,1460.0,1460.0,0.0,792.2622950819672,0.22858932206043525
4,grado_I,degree,0.0,1570.0,1570.0,0.0,938.3770491803278,0.34543454345434543
4,grado_II,degree,0.0,1713.0,1713.0,0.0,1032.4918032786886,0.3768976897689769
4,grado_III,degree,0.0,1262.0,1262.0,0.0,755.7049180327868,0.27766776677667765
4,teleasistencia,benefit,0.0,854.0,854.0,0.0,450.672131147541,0.29286694101508914
4,ayuda_domicilio,benefit,0.0,584.0,584.0,0.0,311.55737704918033,0.20027434842249658
4,atencion_residencial,benefit,0.0,289.0,289.0,0.0,150.78688524590163,0.09910836762688614
4,cuidados_familiares,benefit,0.0,1189.0,1189.0,0.0,633.5081967213115,0.40775034293552814
5,sistema,system,6387.0,6387.0,6387.0,6387.0,6387.0,1.0
5,vulnerables,population,6387.0,6387.0,6387.0,6387.0,6387.0,1.0
5,no_solicitantes,administrative_state,6387.0,818.0,6387.0,818.0,2709.8688524590166,0.12807264756536715
5,pendiente_grado,administrative_state,0.0,194.0,871.0,0.0,491.0,0.030374197588852358
5,sin_grado,administrative_state,0.0,1069.0,1069.0,0.0,637.7540983606557,0.167371222796305
5,con_derecho,administrative_state,0.0,148.0,556.0,0.0,328.8524590163934,0.02317206826366056
5,con_pia,administrative_state,0.0,31.0,131.0,0.0,68.1639344262295,0.0048536088930640365
5,prestacion_efectiva,administrative_state,0.0,2909.0,2909.0,0.0,1515.672131147541,0.45545639580397684
5,lista_espera,administrative_state,0.0,1218.0,1218.0,0.0,635.688524590164,0.19069985908877407
5,grado_I,degree,0.0,1611.0,1611.0,0.0,937.311475409836,0.3741291221551324
5,grado_II,degree,0.0,1525.0,1525.0,0.0,915.0491803278688,0.35415699024616815
5,grado_III,degree,0.0,1170.0,1170.0,0.0,696.016393442623,0.27171388759869947
5,teleasistencia,benefit,0.0,833.0,833.0,0.0,436.21311475409834,0.2863526985218288
5,ayuda_domicilio,benefit,0.0,555.0,555.0,0.0,288.8688524590164,0.19078721210037813
5,atencion_residencial,benefit,0.0,310.0,310.0,0.0,156.85245901639345,0.10656583018219319
5,cuidados_familiares,benefit,0.0,1211.0,1211.0,0.0,633.7377049180328,0.41629425919559987
6,sistema,system,6387.0,6387.0,6387.0,6387.0,6387.0,1.0
6,vulnerables,population,6387.0,6387.0,6387.0,6387.0,6387.0,1.0
6,no_solicitantes,administrative_state,6387.0,775.0,6387.0,775.0,2680.7049180327867,0.12134022232660091
6,pendiente_grado,administrative_state,0.0,197.0,899.0,0.0,518.311475409836,0.03084390167527791
6,sin_grado,administrative_state,0.0,822.0,822.0,0.0,481.57377049180326,0.1286989196806012
6,con_derecho,administrative_state,0.0,148.0,586.0,0.0,348.5409836065574,0.02317206826366056
6,con_pia,administrative_state,0.0,46.0,133.0,0.0,72.8688524590164,0.007202129325191796
6,prestacion_efectiva,administrative_state,0.0,3319.0,3319.0,0.0,1724.4262295081967,0.5196492876154689
6,lista_espera,administrative_state,0.0,1080.0,1080.0,0.0,560.5737704918033,0.1690934711131987
6,grado_I,degree,0.0,1591.0,1591.0,0.0,951.3770491803278,0.346396690616155
6,grado_II,degree,0.0,1838.0,1838.0,0.0,1061.672131147541,0.4001741780971043
6,grado_III,degree,0.0,1164.0,1164.0,0.0,693.360655737705,0.2534291312867407
6,teleasistencia,benefit,0.0,993.0,993.0,0.0,520.8196721311475,0.2991865019584212
6,ayuda_domicilio,benefit,0.0,716.0,716.0,0.0,368.21311475409834,0.2157276288038566
6,atencion_residencial,benefit,0.0,305.0,305.0,0.0,157.39344262295083,0.09189514914130763
6,cuidados_familiares,benefit,0.0,1305.0,1305.0,0.0,678.0,0.3931907200964146
7,sistema,system,6387.0,6387.0,6387.0,6387.0,6387.0,1.0
7,vulnerables,population,6387.0,6387.0,6387.0,6387.0,6387.0,1.0
7,no_solicitantes,administrative_state,6387.0,894.0,6387.0,894.0,2828.27868852459,0.13997181775481446
7,pendiente_grado,administrative_state,0.0,197.0,833.0,0.0,499.55737704918033,0.03084390167527791
7,sin_grado,administrative_state,0.0,1362.0,1362.0,0.0,792.8196721311475,0.21324565523720057
7,con_derecho,administrative_state,0.0,147.0,441.0,0.0,273.4918032786885,0.023015500234852042
7,con_pia,administrative_state,0.0,40.0,114.0,0.0,62.08196721311475,0.006262721152340692
7,prestacion_efectiva,administrative_state,0.0,2610.0,2610.0,0.0,1351.622950819672,0.40864255519023013
7,lista_espera,administrative_state,0.0,1137.0,1137.0,0.0,579.1475409836065,0.17801784875528417
7,grado_I,degree,0.0,1372.0,1372.0,0.0,787.1639344262295,0.3487544483985765
7,grado_II,degree,0.0,1381.0,1381.0,0.0,790.1147540983607,0.35104219623792576
7,grado_III,degree,0.0,1181.0,1181.0,0.0,689.0655737704918,0.30020335536349774
7,teleasistencia,benefit,0.0,779.0,779.0,0.0,406.3606557377049,0.29846743295019157
7,ayuda_domicilio,benefit,0.0,581.0,581.0,0.0,299.5245901639344,0.22260536398467434
7,atencion_residencial,benefit,0.0,298.0,298.0,0.0,155.0,0.11417624521072797
7,cuidados_familiares,benefit,0.0,952.0,952.0,0.0,490.73770491803276,0.36475095785440614
8,sistema,system,6387.0,6387.0,6387.0,6387.0,6387.0,1.0
8,vulnerables,population,6387.0,6387.0,6387.0,6387.0,6387.0,1.0
8,no_solicitantes,administrative_state,6387.0,748.0,6387.0,748.0,2671.27868852459,0.11711288554877095
8,pendiente_grado,administrative_state,0.0,190.0,897.0,0.0,521.7377049180328,0.02974792547361829
8,sin_grado,administrative_state,0.0,968.0,968.0,0.0,550.8196721311475,0.15155785188664475
8,con_derecho,administrative_state,0.0,148.0,579.0,0.0,336.11475409836066,0.02317206826366056
8,con_pia,administrative_state,0.0,40.0,135.0,0.0,71.0327868852459,0.006262721152340692
8,prestacion_efectiva,administrative_state,0.0,2997.0,2997.0,0.0,1563.1475409836066,0.46923438233912634
8,lista_espera,administrative_state,0.0,1296.0,1296.0,0.0,672.8688524590164,0.20291216533583842
8,grado_I,degree,0.0,1790.0,1790.0,0.0,1056.7868852459017,0.39946440526668153
8,grado_II,degree,0.0,1531.0,1531.0,0.0,899.688524590164,0.34166480696273155
8,grado_III,degree,0.0,1160.0,1160.0,0.0,686.688524590164,0.2588707877705869
8,teleasistencia,benefit,0.0,974.0,974.0,0.0,506.0655737704918,0.32499165832499166
8,ayuda_domicilio,benefit,0.0,552.0,552.0,0.0,285.4590163934426,0.1841841841841842
8,atencion_residencial,benefit,0.0,292.0,292.0,0.0,156.80327868852459,0.09743076409743076
8,cuidados_familiares,benefit,0.0,1179.0,1179.0,0.0,614.8196721311475,0.3933933933933934
9,sistema,system,6387.0,6387.0,6387.0,6387.0,6387.0,1.0
9,vulnerables,population,6387.0,6387.0,6387.0,6387.0,6387.0,1.0
9,no_solicitantes,administrative_state,6387.0,878.0,6387.0,878.0,2749.754098360656,0.13746672929387818
9,pendiente_grado,administrative_state,0.0,184.0,847.0,0.0,490.0655737704918,0.028808517300767184
9,sin_grado,administrative_state,0.0,1352.0,1352.0,0.0,810.9672131147541,0.2116799749491154
9,con_derecho,administrative_state,0.0,130.0,451.0,0.0,271.0,0.02035384374510725
9,con_pia,administrative_state,0.0,31.0,120.0,0.0,63.0,0.0048536088930640365
9,prestacion_efectiva,administrative_state,0.0,2506.0,2506.0,0.0,1311.967213114754,0.39235948019414435
9,lista_espera,administrative_state,0.0,1306.0,1306.0,0.0,690.2459016393443,0.2044778456239236
9,grado_I,degree,0.0,1378.0,1378.0,0.0,808.0819672131148,0.3468411779511704
9,grado_II,degree,0.0,1581.0,1581.0,0.0,936.9180327868852,0.3979360684621193
9,grado_III,degree,0.0,1014.0,1014.0,0.0,591.2131147540983,0.2552227535867103
9,teleasistencia,benefit,0.0,771.0,771.0,0.0,394.0983606557377,0.3076616121308859
9,ayuda_domicilio,benefit,0.0,498.0,498.0,0.0,260.9672131147541,0.19872306464485234
9,atencion_residencial,benefit,0.0,268.0,268.0,0.0,140.04918032786884,0.10694333599361533
9,cuidados_familiares,benefit,0.0,969.0,969.0,0.0,516.8524590163935,0.38667198723064644
10,sistema,system,6387.0,6387.0,6387.0,6387.0,6387.0,1.0
10,vulnerables,population,6387.0,6387.0,6387.0,6387.0,6387.0,1.0
10,no_solicitantes,administrative_state,6387.0,589.0,6387.0,589.0,2432.6721311475408,0.09221856896821669
10,pendiente_grado,administrative_state,0.0,167.0,1009.0,0.0,557.8196721311475,0.02614686081102239
10,sin_grado,administrative_state,0.0,889.0,889.0,0.0,533.0655737704918,0.13918897761077187
10,con_derecho,administrative_state,0.0,134.0,596.0,0.0,348.7049180327869,0.02098011586034132
10,con_pia,administrative_state,0.0,37.0,148.0,0.0,75.54098360655738,0.00579301706591514
10,prestacion_efectiva,administrative_state,0.0,3515.0,3515.0,0.0,1876.950819672131,0.5503366212619383
10,lista_espera,administrative_state,0.0,1056.0,1056.0,0.0,562.2459016393443,0.16533583842179428
10,grado_I,degree,0.0,1690.0,1690.0,0.0,1008.9016393442623,0.35638970898355127
10,grado_II,degree,0.0,1945.0,1945.0,0.0,1179.2295081967213,0.4101644875579924
10,grado_III,degree,0.0,1107.0,1107.0,0.0,675.311475409836,0.23344580345845634
10,teleasistencia,benefit,0.0,1201.0,1201.0,0.0,632.9508196721312,0.34167852062588905
10,ayuda_domicilio,benefit,0.0,716.0,716.0,0.0,380.37704918032784,0.20369843527738266
10,atencion_residencial,benefit,0.0,359.0,359.0,0.0,194.65573770491804,0.10213371266002845
10,cuidados_familiares,benefit,0.0,1239.0,1239.0,0.0,668.9672131147541,0.35248933143669986
11,sistema,system,6387.0,6387.0,6387.0,6387.0,6387.0,1.0
11,vulnerables,population,6387.0,6387.0,6387.0,6387.0,6387.0,1.0
11,no_solicitantes,administrative_state,6387.0,653.0,6387.0,653.0,2574.754098360656,0.1022389228119618
11,pendiente_grado,administrative_state,0.0,148.0,851.0,0.0,466.37704918032784,0.02317206826366056
11,sin_grado,administrative_state,0.0,1146.0,1146.0,0.0,695.4590163934427,0.17942696101456082
11,con_derecho,administrative_state,0.0,131.0,526.0,0.0,310.9016393442623,0.020510411773915768
11,con_pia,administrative_state,0.0,29.0,134.0,0.0,70.63934426229508,0.004540472835447002
11,prestacion_efectiva,administrative_state,0.0,3278.0,3278.0,0.0,1738.295081967213,0.5132299984343197
11,lista_espera,administrative_state,0.0,1002.0,1002.0,0.0,530.5737704918033,0.15688116486613435
11,grado_I,degree,0.0,1546.0,1546.0,0.0,927.0491803278688,0.3481981981981982
11,grado_II,degree,0.0,1686.0,1686.0,0.0,998.983606557377,0.37972972972972974
11,grado_III,degree,0.0,1208.0,1208.0,0.0,724.3770491803278,0.27207207207207207
11,teleasistencia,benefit,0.0,1043.0,1043.0,0.0,557.6229508196722,0.3181818181818182
11,ayuda_domicilio,benefit,0.0,621.0,621.0,0.0,328.75409836065575,0.18944478340451495
11,atencion_residencial,benefit,0.0,343.0,343.0,0.0,174.39344262295083,0.10463697376449055
11,cuidados_familiares,benefit,0.0,1271.0,1271.0,0.0,677.5245901639345,0.38773642464917635
12,sistema,system,6387.0,6387.0,6387.0,6387.0,6387.0,1.0
12,vulnerables,population,6387.0,6387.0,6387.0,6387.0,6387.0,1.0
12,no_solicitantes,administrative_state,6387.0,616.0,6387.0,616.0,2478.3278688524592,0.09644590574604665
12,pendiente_grado,administrative_state,0.0,191.0,1017.0,0.0,556.9016393442623,0.029904493502426806
12,sin_grado,administrative_state,0.0,982.0,982.0,0.0,601.0983606557377,0.153749804289964
12,con_derecho,administrative_state,0.0,141.0,606.0,0.0,339.5245901639344,0.02207609206200094
12,con_pia,administrative_state,0.0,30.0,154.0,0.0,73.06557377049181,0.004697040864255519
12,prestacion_efectiva,administrative_state,0.0,3363.0,3363.0,0.0,1772.1147540983607,0.5265382808830437
12,lista_espera,administrative_state,0.0,1064.0,1064.0,0.0,565.9672131147541,0.16658838265226242
12,grado_I,degree,0.0,1609.0,1609.0,0.0,955.5737704918033,0.3499347542409743
12,grado_II,degree,0.0,1740.0,1740.0,0.0,1041.9180327868853,0.3784254023488473
12,grado_III,degree,0.0,1249.0,1249.0,0.0,753.1803278688525,0.2716398434101783
12,teleasistencia,benefit,0.0,983.0,983.0,0.0,507.9836065573771,0.29229854296758845
12,ayuda_domicilio,benefit,0.0,757.0,757.0,0.0,401.21311475409834,0.22509663990484685
12,atencion_residencial,benefit,0.0,341.0,341.0,0.0,180.81967213114754,0.10139756170086232
12,cuidados_familiares,benefit,0.0,1282.0,1282.0,0.0,682.0983606557377,0.38120725542670236
13,sistema,system,6387.0,6387.0,6387.0,6387.0,6387.0,1.0
13,vulnerables,population,6387.0,6387.0,6387.0,6387.0,6387.0,1.0
13,no_solicitantes,administrative_state,6387.0,933.0,6387.0,933.0,2854.6393442622953,0.14607797087834665
13,pendiente_grado,administrative_state,0.0,187.0,767.0,0.0,443.0327868852459,0.029278221387192736
13,sin_grado,administrative_state,0.0,1308.0,1308.0,0.0,772.0,0.20479098168154064
13,con_derecho,administrative_state,0.0,143.0,440.0,0.0,273.21311475409834,0.022389228119617972
13,con_pia,administrative_state,0.0,47.0,123.0,0.0,62.557377049180324,0.007358697354000313
13,prestacion_efectiva,administrative_state,0.0,2813.0,2813.0,0.0,1483.8032786885246,0.4404258650383592
13,lista_espera,administrative_state,0.0,956.0,956.0,0.0,497.75409836065575,0.14967903554094253
13,grado_I,degree,0.0,1499.0,1499.0,0.0,872.7540983606557,0.37863096741601415
13,grado_II,degree,0.0,1399.0,1399.0,0.0,825.2131147540983,0.3533720636524375
13,grado_III,degree,0.0,1061.0,1061.0,0.0,619.360655737705,0.2679969689315484
13,teleasistencia,benefit,0.0,869.0,869.0,0.0,462.1803278688525,0.3089228581585496
13,ayuda_domicilio,benefit,0.0,614.0,614.0,0.0,319.1311475409836,0.21827230714539636
13,atencion_residencial,benefit,0.0,323.0,323.0,0.0,169.63934426229508,0.11482403128332741
13,cuidados_familiares,benefit,0.0,1007.0,1007.0,0.0,532.8524590163935,0.35798080341272664
14,sistema,system,6387.0,6387.0,6387.0,6387.0,6387.0,1.0
14,vulnerables,population,6387.0,6387.0,6387.0,6387.0,6387.0,1.0
14,no_solicitantes,administrative_state,6387.0,642.0,6387.0,642.0,2478.4590163934427,0.10051667449506811
14,pendiente_grado,administrative_state,0.0,152.0,926.0,0.0,504.672131147541,0.02379834037889463
14,sin_grado,administrative_state,0.0,1138.0,1138.0,0.0,692.1639344262295,0.17817441678409268
14,con_derecho,administrative_state,0.0,118.0,541.0,0.0,318.78688524590166,0.018475027399405042
14,con_pia,administrative_state,0.0,36.0,128.0,0.0,71.09836065573771,0.0056364490371066224
14,prestacion_efectiva,administrative_state,0.0,3159.0,3159.0,0.0,1701.983606557377,0.49459840300610614
14,lista_espera,administrative_state,0.0,1142.0,1142.0,0.0,619.8360655737705,0.17880068889932677
14,grado_I,degree,0.0,1751.0,1751.0,0.0,1060.6065573770493,0.39304152637485973
14,grado_II,degree,0.0,1547.0,1547.0,0.0,934.9344262295082,0.3472502805836139
14,grado_III,degree,0.0,1157.0,1157.0,0.0,716.1639344262295,0.25970819304152637
14,teleasistencia,benefit,0.0,972.0,972.0,0.0,511.4918032786885,0.3076923076923077
14,ayuda_domicilio,benefit,0.0,536.0,536.0,0.0,296.5081967213115,0.16967394745172523
14,atencion_residencial,benefit,0.0,340.0,340.0,0.0,179.27868852459017,0.1076289965178854
14,cuidados_familiares,benefit,0.0,1311.0,1311.0,0.0,714.7049180327868,0.41500474833808165
15,sistema,system,6387.0,6387.0,6387.0,6387.0,6387.0,1.0
15,vulnerables,population,6387.0,6387.0,6387.0,6387.0,6387.0,1.0
15,no_solicitantes,administrative_state,6387.0,909.0,6387.0,909.0,2818.0491803278687,0.14232033818694223
15,pendiente_grado,administrative_state,0.0,215.0,821.0,0.0,472.27868852459017,0.03366212619383122
15,sin_grado,administrative_state,0.0,1369.0,1369.0,0.0,807.8032786885246,0.21434163143886018
15,con_derecho,administrative_state,0.0,136.0,489.0,0.0,284.5081967213115,0.021293251917958354
15,con_pia,administrative_state,0.0,21.0,111.0,0.0,61.60655737704918,0.0032879286049788633
15,prestacion_efectiva,administrative_state,0.0,2881.0,2881.0,0.0,1497.295081967213,0.45107249099733837
15,lista_espera,administrative_state,0.0,856.0,856.0,0.0,445.4590163934426,0.1340222326600908
15,grado_I,degree,0.0,1313.0,1313.0,0.0,777.4262295081967,0.3371854134565999
15,grado_II,degree,0.0,1533.0,1533.0,0.0,887.6065573770492,0.39368258859784283
15,grado_III,degree,0.0,1048.0,1048.0,0.0,623.8360655737705,0.26913199794555726
15,teleasistencia,benefit,0.0,915.0,915.0,0.0,472.39344262295083,0.31759805623047555
15,ayuda_domicilio,benefit,0.0,561.0,561.0,0.0,302.73770491803276,0.1947240541478653
15,atencion_residencial,benefit,0.0,321.0,321.0,0.0,166.2295081967213,0.11141964595626519
15,cuidados_familiares,benefit,0.0,1084.0,1084.0,0.0,555.9344262295082,0.37625824366539395
16,sistema,system,6387.0,6387.0,6387.0,6387.0,6387.0,1.0
16,vulnerables,population,6387.0,6387.0,6387.0,6387.0,6387.0,1.0
16,no_solicitantes,administrative_state,6387.0,704.0,6387.0,704.0,2628.7377049180327,0.11022389228119618
16,pendiente_grado,administrative_state,0.0,199.0,908.0,0.0,531.672131147541,0.03115703773289494
16,sin_grado,administrative_state,0.0,889.0,889.0,0.0,531.2295081967213,0.13918897761077187
16,con_derecho,administrative_state,0.0,127.0,479.0,0.0,303.11475409836066,0.019884139658681698
16,con_pia,administrative_state,0.0,36.0,146.0,0.0,73.24590163934427,0.0056364490371066224
16,prestacion_efectiva,administrative_state,0.0,2829.0,2829.0,0.0,1484.2622950819673,0.44293095349929545
16,lista_espera,administrative_state,0.0,1603.0,1603.0,0.0,834.7377049180328,0.2509785501800532
16,grado_I,degree,0.0,1729.0,1729.0,0.0,1008.5409836065573,0.376278563656148
16,grado_II,degree,0.0,1674.0,1674.0,0.0,984.5901639344262,0.36430903155603916
16,grado_III,degree,0.0,1192.0,1192.0,0.0,702.2295081967213,0.25941240478781286
16,teleasistencia,benefit,0.0,891.0,891.0,0.0,467.24590163934425,0.3149522799575822
16,ayuda_domicilio,benefit,0.0,642.0,642.0,0.0,333.5245901639344,0.22693531283138918
16,atencion_residencial,benefit,0.0,288.0,288.0,0.0,147.52459016393442,0.10180275715800637
16,cuidados_familiares,benefit,0.0,1008.0,1008.0,0.0,535.9672131147541,0.3563096500530223
17,sistema,system,6387.0,6387.0,6387.0,6387.0,6387.0,1.0
17,vulnerables,population,6387.0,6387.0,6387.0,6387.0,6387.0,1.0
17,no_solicitantes,administrative_state,6387.0,858.0,6387.0,858.0,2771.1311475409834,0.13433536871770785
17,pendiente_grado,administrative_state,0.0,195.0,785.0,0.0,455.0983606557377,0.030530765617660875
17,sin_grado,administrative_state,0.0,638.0,638.0,0.0,373.8360655737705,0.09989040237983404
17,con_derecho,administrative_state,0.0,161.0,637.0,0.0,366.672131147541,0.025207452638171285
17,con_pia,administrative_state,0.0,39.0,135.0,0.0,74.34426229508196,0.0061061531235321745
17,prestacion_efectiva,administrative_state,0.0,3381.0,3381.0,0.0,1755.4098360655737,0.529356505401597
17,lista_espera,administrative_state,0.0,1115.0,1115.0,0.0,590.5081967213115,0.1745733521214968
17,grado_I,degree,0.0,1754.0,1754.0,0.0,1072.8852459016393,0.37350936967632026
17,grado_II,degree,0.0,1815.0,1815.0,0.0,1051.5245901639344,0.3864991482112436
17,grado_III,degree,0.0,1127.0,1127.0,0.0,662.5245901639345,0.23999148211243612
17,teleasistencia,benefit,0.0,1090.0,1090.0,0.0,563.983606557377,0.32238982549541556
17,ayuda_domicilio,benefit,0.0,677.0,677.0,0.0,341.57377049180326,0.2002366163856847
17,atencion_residencial,benefit,0.0,366.0,366.0,0.0,185.19672131147541,0.10825199645075421
17,cuidados_familiares,benefit,0.0,1248.0,1248.0,0.0,664.655737704918,0.3691215616681455
18,sistema,system,6387.0,6387.0,6387.0,6387.0,6387.0,1.0
18,vulnerables,population,6387.0,6387.0,6387.0,6387.0,6387.0,1.0
18,no_solicitantes,administrative_state,6387.0,836.0,6387.0,836.0,2756.8688524590166,0.13089087208392047
18,pendiente_grado,administrative_state,0.0,177.0,817.0,0.0,482.8524590163934,0.027712541099107563
18,sin_grado,administrative_state,0.0,1285.0,1285.0,0.0,751.6065573770492,0.20118991701894473
18,con_derecho,administrative_state,0.0,136.0,443.0,0.0,268.62295081967216,0.021293251917958354
18,con_pia,administrative_state,0.0,25.0,118.0,0.0,64.80327868852459,0.003914200720212932
18,prestacion_efectiva,administrative_state,0.0,2724.0,2724.0,0.0,1442.032786885246,0.42649131047440114
18,lista_espera,administrative_state,0.0,1204.0,1204.0,0.0,620.2131147540983,0.18850790668545483
18,grado_I,degree,0.0,1373.0,1373.0,0.0,807.0983606557377,0.33577891905111273
18,grado_II,degree,0.0,1628.0,1628.0,0.0,952.1311475409836,0.39814135485448765
18,grado_III,degree,0.0,1088.0,1088.0,0.0,636.4426229508197,0.2660797260943996
18,teleasistencia,benefit,0.0,845.0,845.0,0.0,442.7704918032787,0.3102055800293686
18,ayuda_domicilio,benefit,0.0,623.0,623.0,0.0,331.5081967213115,0.22870778267254038
18,atencion_residencial,benefit,0.0,273.0,273.0,0.0,141.86885245901638,0.10022026431718062
18,cuidados_familiares,benefit,0.0,983.0,983.0,0.0,525.8852459016393,0.3608663729809104
19,sistema,system,6387.0,6387.0,6387.0,6387.0,6387.0,1.0
19,vulnerables,population,6387.0,6387.0,6387.0,6387.0,6387.0,1.0
19,no_solicitantes,administrative_state,6387.0,749.0,6387.0,749.0,2641.44262295082,0.11726945357757945
19,pendiente_grado,administrative_state,0.0,168.0,857.0,0.0,493.655737704918,0.026303428839830906
19,sin_grado,administrative_state,0.0,797.0,797.0,0.0,472.3114754098361,0.12478471896038829
19,con_derecho,administrative_state,0.0,153.0,598.0,0.0,351.0327868852459,0.023954908407703146
19,con_pia,administrative_state,0.0,29.0,132.0,0.0,74.09836065573771,0.004540472835447002
19,prestacion_efectiva,administrative_state,0.0,2972.0,2972.0,0.0,1564.950819672131,0.4653201816189134
19,lista_espera,administrative_state,0.0,1519.0,1519.0,0.0,789.5081967213115,0.23782683576013777
19,grado_I,degree,0.0,1798.0,1798.0,0.0,1072.360655737705,0.38476353520222556
19,grado_II,degree,0.0,1697.0,1697.0,0.0,996.5409836065573,0.3631500106997646
19,grado_III,degree,0.0,1178.0,1178.0,0.0,710.688524590164,0.25208645409800984
19,teleasistencia,benefit,0.0,910.0,910.0,0.0,472.9836065573771,0.3061911170928668
19,ayuda_domicilio,benefit,0.0,628.0,628.0,0.0,337.59016393442624,0.21130551816958276
19,atencion_residencial,benefit,0.0,290.0,290.0,0.0,150.19672131147541,0.09757738896366083
19,cuidados_familiares,benefit,0.0,1144.0,1144.0,0.0,604.1803278688525,0.38492597577388965
20,sistema,system,6387.0,6387.0,6387.0,6387.0,6387.0,1.0
20,vulnerables,population,6387.0,6387.0,6387.0,6387.0,6387.0,1.0
20,no_solicitantes,administrative_state,6387.0,624.0,6387.0,624.0,2517.4754098360654,0.09769844997651479
20,pendiente_grado,administrative_state,0.0,175.0,954.0,0.0,547.7868852459017,0.027399405041490528
20,sin_grado,administrative_state,0.0,700.0,700.0,0.0,421.344262295082,0.10959762016596211
20,con_derecho,administrative_state,0.0,158.0,624.0,0.0,382.26229508196724,0.024737748551745733
20,con_pia,administrative_state,0.0,38.0,136.0,0.0,77.54098360655738,0.005949585094723657
20,prestacion_efectiva,administrative_state,0.0,3283.0,3283.0,0.0,1707.8524590163934,0.5140128385783623
20,lista_espera,administrative_state,0.0,1409.0,1409.0,0.0,732.7377049180328,0.22060435259120087
20,grado_I,degree,0.0,1795.0,1795.0,0.0,1061.8524590163934,0.36722585924713586
20,grado_II,degree,0.0,1776.0,1776.0,0.0,1054.2459016393443,0.36333878887070375
20,grado_III,degree,0.0,1317.0,1317.0,0.0,784.2950819672132,0.2694353518821604
20,teleasistencia,benefit,0.0,981.0,981.0,0.0,512.360655737705,0.29881206213828815
20,ayuda_domicilio,benefit,0.0,757.0,757.0,0.0,393.95081967213116,0.23058178495278708
20,atencion_residencial,benefit,0.0,418.0,418.0,0.0,217.0655737704918,0.12732257081937254
20,cuidados_familiares,benefit,0.0,1127.0,1127.0,0.0,584.4754098360655,0.34328358208955223
21,sistema,system,6387.0,6387.0,6387.0,6387.0,6387.0,1.0
21,vulnerables,population,6387.0,6387.0,6387.0,6387.0,6387.0,1.0
21,no_solicitantes,administrative_state,6387.0,801.0,6387.0,801.0,2692.7049180327867,0.12541099107562237
21,pendiente_grado,administrative_state,0.0,195.0,902.0,0.0,524.4262295081967,0.030530765617660875
21,sin_grado,administrative_state,0.0,685.0,685.0,0.0,403.5081967213115,0.10724909973383435
21,con_derecho,administrative_state,0.0,163.0,558.0,0.0,343.672131147541,0.02552058869578832
21,con_pia,administrative_state,0.0,40.0,128.0,0.0,74.47540983606558,0.006262721152340692
21,prestacion_efectiva,administrative_state,0.0,2890.0,2890.0,0.0,1500.4098360655737,0.452481603256615
21,lista_espera,administrative_state,0.0,1613.0,1613.0,0.0,847.8032786885246,0.2525442304681384
21,grado_I,degree,0.0,1830.0,1830.0,0.0,1073.9016393442623,0.3888652783680408
21,grado_II,degree,0.0,1647.0,1647.0,0.0,967.7377049180328,0.3499787505312367
21,grado_III,degree,0.0,1229.0,1229.0,0.0,724.7213114754098,0.2611559711007225
21,teleasistencia,benefit,0.0,821.0,821.0,0.0,424.75409836065575,0.284083044982699
21,ayuda_domicilio,benefit,0.0,643.0,643.0,0.0,336.1639344262295,0.22249134948096885
21,atencion_residencial,benefit,0.0,354.0,354.0,0.0,182.21311475409837,0.12249134948096886
21,cuidados_familiares,benefit,0.0,1072.0,1072.0,0.0,557.2786885245902,0.37093425605536334
22,sistema,system,6387.0,6387.0,6387.0,6387.0,6387.0,1.0
22,vulnerables,population,6387.0,6387.0,6387.0,6387.0,6387.0,1.0
22,no_solicitantes,administrative_state,6387.0,779.0,6387.0,779.0,2673.967213114754,0.12196649444183498
22,pendiente_grado,administrative_state,0.0,168.0,820.0,0.0,481.73770491803276,0.026303428839830906
22,sin_grado,administrative_state,0.0,1141.0,1141.0,0.0,681.1311475409836,0.17864412087051823
22,con_derecho,administrative_state,0.0,131.0,482.0,0.0,292.655737704918,0.020510411773915768
22,con_pia,administrative_state,0.0,28.0,140.0,0.0,68.32786885245902,0.004383904806638484
22,prestacion_efectiva,administrative_state,0.0,2626.0,2626.0,0.0,1392.7868852459017,0.4111476436511664
22,lista_espera,administrative_state,0.0,1514.0,1514.0,0.0,796.3934426229508,0.23704399561609518
22,grado_I,degree,0.0,1611.0,1611.0,0.0,959.2786885245902,0.374738311235171
22,grado_II,degree,0.0,1573.0,1573.0,0.0,932.0655737704918,0.36589904628983483
22,grado_III,degree,0.0,1115.0,1115.0,0.0,658.8196721311475,0.2593626424749942
22,teleasistencia,benefit,0.0,809.0,809.0,0.0,432.2295081967213,0.3080731150038081
22,ayuda_domicilio,benefit,0.0,513.0,513.0,0.0,275.2295081967213,0.19535415079969534
22,atencion_residencial,benefit,0.0,282.0,282.0,0.0,143.1639344262295,0.10738766184310738
22,cuidados_familiares,benefit,0.0,1022.0,1022.0,0.0,542.1639344262295,0.38918507235338917
23,sistema,system,6387.0,6387.0,6387.0,6387.0,6387.0,1.0
23,vulnerables,population,6387.0,6387.0,6387.0,6387.0,6387.0,1.0
23,no_solicitantes,administrative_state,6387.0,785.0,6387.0,785.0,2699.6393442622953,0.12290590261468608
23,pendiente_grado,administrative_state,0.0,175.0,862.0,0.0,518.5081967213115,0.027399405041490528
23,sin_grado,administrative_state,0.0,796.0,796.0,0.0,474.6393442622951,0.12462815093157976
23,con_derecho,administrative_state,0.0,168.0,557.0,0.0,337.7704918032787,0.026303428839830906
23,con_pia,administrative_state,0.0,32.0,134.0,0.0,73.1639344262295,0.005010176921872554
23,prestacion_efectiva,administrative_state,0.0,3121.0,3121.0,0.0,1621.672131147541,0.4886488179113825
23,lista_espera,administrative_state,0.0,1310.0,1310.0,0.0,661.6065573770492,0.20510411773915765
23,grado_I,degree,0.0,1703.0,1703.0,0.0,987.9508196721312,0.3677391492118333
23,grado_II,degree,0.0,1674.0,1674.0,0.0,965.7704918032787,0.3614770028071691
23,grado_III,degree,0.0,1254.0,1254.0,0.0,740.4918032786885,0.27078384798099764
23,teleasistencia,benefit,0.0,1074.0,1074.0,0.0,558.0327868852459,0.34412047420698494
23,ayuda_domicilio,benefit,0.0,582.0,582.0,0.0,302.1475409836066,0.18647869272669015
23,atencion_residencial,benefit,0.0,322.0,322.0,0.0,162.50819672131146,0.10317206023710349
23,cuidados_familiares,benefit,0.0,1143.0,1143.0,0.0,598.983606557377,0.3662287728292214
24,sistema,system,6387.0,6387.0,6387.0,6387.0,6387.0,1.0
24,vulnerables,population,6387.0,6387.0,6387.0,6387.0,6387.0,1.0
24,no_solicitantes,administrative_state,6387.0,898.0,6387.0,898.0,2815.1967213114754,0.14059808987004854
24,pendiente_grado,administrative_state,0.0,195.0,885.0,0.0,484.55737704918033,0.030530765617660875
24,sin_grado,administrative_state,0.0,1230.0,1230.0,0.0,723.5081967213115,0.1925786754344763
24,con_derecho,administrative_state,0.0,153.0,509.0,0.0,304.9836065573771,0.023954908407703146
24,con_pia,administrative_state,0.0,29.0,116.0,0.0,64.11475409836065,0.004540472835447002
24,prestacion_efectiva,administrative_state,0.0,2531.0,2531.0,0.0,1308.1803278688524,0.3962736809143573
24,lista_espera,administrative_state,0.0,1351.0,1351.0,0.0,686.4590163934427,0.21152340692030688
24,grado_I,degree,0.0,1532.0,1532.0,0.0,883.2950819672132,0.37696850393700787
24,grado_II,degree,0.0,1494.0,1494.0,0.0,870.6229508196722,0.3676181102362205
24,grado_III,degree,0.0,1038.0,1038.0,0.0,609.8196721311475,0.25541338582677164
24,teleasistencia,benefit,0.0,831.0,831.0,0.0,425.0163934426229,0.3283287238245753
24,ayuda_domicilio,benefit,0.0,552.0,552.0,0.0,280.0,0.21809561438166733
24,atencion_residencial,benefit,0.0,272.0,272.0,0.0,142.0655737704918,0.10746740418806795
24,cuidados_familiares,benefit,0.0,876.0,876.0,0.0,461.0983606557377,0.3461082576056895
25,sistema,system,6387.0,6387.0,6387.0,6387.0,6387.0,1.0
25,vulnerables,population,6387.0,6387.0,6387.0,6387.0,6387.0,1.0
25,no_solicitantes,administrative_state,6387.0,927.0,6387.0,927.0,2866.688524590164,0.14513856270549555
25,pendiente_grado,administrative_state,0.0,190.0,799.0,0.0,462.40983606557376,0.02974792547361829
25,sin_grado,administrative_state,0.0,626.0,626.0,0.0,366.27868852459017,0.09801158603413183
25,con_derecho,administrative_state,0.0,170.0,573.0,0.0,343.9672131147541,0.02661656489744794
25,con_pia,administrative_state,0.0,30.0,131.0,0.0,73.34426229508196,0.004697040864255519
25,prestacion_efectiva,administrative_state,0.0,3445.0,3445.0,0.0,1760.1475409836066,0.5393768592453421
25,lista_espera,administrative_state,0.0,999.0,999.0,0.0,514.1639344262295,0.15641146077970877
25,grado_I,degree,0.0,1630.0,1630.0,0.0,948.8852459016393,0.35099052540913006
25,grado_II,degree,0.0,1758.0,1758.0,0.0,1033.7868852459017,0.3785529715762274
25,grado_III,degree,0.0,1256.0,1256.0,0.0,708.9508196721312,0.2704565030146425
25,teleasistencia,benefit,0.0,1107.0,1107.0,0.0,564.9508196721312,0.3213352685050798
25,ayuda_domicilio,benefit,0.0,750.0,750.0,0.0,381.1967213114754,0.21770682148040638
25,atencion_residencial,benefit,0.0,382.0,382.0,0.0,199.75409836065575,0.11088534107402032
25,cuidados_familiares,benefit,0.0,1206.0,1206.0,0.0,614.2459016393443,0.3500725689404935
26,sistema,system,6387.0,6387.0,6387.0,6387.0,6387.0,1.0
26,vulnerables,population,6387.0,6387.0,6387.0,6387.0,6387.0,1.0
26,no_solicitantes,administrative_state,6387.0,686.0,6387.0,686.0,2562.344262295082,0.10740566776264286
26,pendiente_grado,administrative_state,0.0,182.0,892.0,0.0,471.3114754098361,0.02849538124315015
26,sin_grado,administrative_state,0.0,898.0,898.0,0.0,533.8524590163935,0.14059808987004854
26,con_derecho,administrative_state,0.0,123.0,563.0,0.0,308.24590163934425,0.01925786754344763
26,con_pia,administrative_state,0.0,23.0,152.0,0.0,73.73770491803279,0.003601064662595898
26,prestacion_efectiva,administrative_state,0.0,2883.0,2883.0,0.0,1567.377049180328,0.4513856270549554
26,lista_espera,administrative_state,0.0,1592.0,1592.0,0.0,870.1311475409836,0.24925630186315953
26,grado_I,degree,0.0,1724.0,1724.0,0.0,1067.9344262295083,0.3730794200389526
26,grado_II,degree,0.0,1730.0,1730.0,0.0,1047.2622950819673,0.3743778402943086
26,grado_III,degree,0.0,1167.0,1167.0,0.0,704.2950819672132,0.2525427396667388
26,teleasistencia,benefit,0.0,929.0,929.0,0.0,501.5245901639344,0.32223378425251475
26,ayuda_domicilio,benefit,0.0,561.0,561.0,0.0,309.44262295081967,0.19458896982310095
26,atencion_residencial,benefit,0.0,315.0,315.0,0.0,170.86885245901638,0.10926118626430802
26,cuidados_familiares,benefit,0.0,1078.0,1078.0,0.0,585.5409836065573,0.3739160596600763
27,sistema,system,6387.0,6387.0,6387.0,6387.0,6387.0,1.0
27,vulnerables,population,6387.0,6387.0,6387.0,6387.0,6387.0,1.0
27,no_solicitantes,administrative_state,6387.0,659.0,6387.0,659.0,2584.8360655737706,0.1031783309848129
27,pendiente_grado,administrative_state,0.0,198.0,961.0,0.0,552.1803278688525,0.031000469704086424
27,sin_grado,administrative_state,0.0,1390.0,1390.0,0.0,807.8360655737705,0.21762956004383904
27,con_derecho,administrative_state,0.0,150.0,500.0,0.0,293.40983606557376,0.023485204321277594
27,con_pia,administrative_state,0.0,28.0,122.0,0.0,65.40983606557377,0.004383904806638484
27,prestacion_efectiva,administrative_state,0.0,2695.0,2695.0,0.0,1422.0983606557377,0.42195083763895413
27,lista_espera,administrative_state,0.0,1267.0,1267.0,0.0,661.2295081967213,0.1983716925003914
27,grado_I,degree,0.0,1520.0,1520.0,0.0,913.0491803278688,0.3671497584541063
27,grado_II,degree,0.0,1485.0,1485.0,0.0,869.2786885245902,0.358695652173913
27,grado_III,degree,0.0,1135.0,1135.0,0.0,659.8196721311475,0.2741545893719807
27,teleasistencia,benefit,0.0,783.0,783.0,0.0,406.3606557377049,0.29053803339517625
27,ayuda_domicilio,benefit,0.0,563.0,563.0,0.0,297.7704918032787,0.20890538033395176
27,atencion_residencial,benefit,0.0,307.0,307.0,0.0,161.54098360655738,0.11391465677179963
27,cuidados_familiares,benefit,0.0,1042.0,1042.0,0.0,556.4262295081967,0.38664192949907233
28,sistema,system,6387.0,6387.0,6387.0,6387.0,6387.0,1.0
28,vulnerables,population,6387.0,6387.0,6387.0,6387.0,6387.0,1.0
28,no_solicitantes,administrative_state,6387.0,652.0,6387.0,652.0,2521.6393442622953,0.10208235478315328
28,pendiente_grado,administrative_state,0.0,151.0,929.0,0.0,532.6229508196722,0.02364177235008611
28,sin_grado,administrative_state,0.0,1130.0,1130.0,0.0,679.2131147540983,0.17692187255362454
28,con_derecho,administrative_state,0.0,140.0,600.0,0.0,351.08196721311475,0.021919524033192424
28,con_pia,administrative_state,0.0,32.0,135.0,0.0,70.72131147540983,0.005010176921872554
28,prestacion_efectiva,administrative_state,0.0,3267.0,3267.0,0.0,1692.5901639344263,0.511507750117426
28,lista_espera,administrative_state,0.0,1015.0,1015.0,0.0,539.1311475409836,0.15891654924064505
28,grado_I,degree,0.0,1430.0,1430.0,0.0,850.8196721311475,0.3210597215985631
28,grado_II,degree,0.0,1729.0,1729.0,0.0,1029.0819672131147,0.3881903906600808
28,grado_III,degree,0.0,1295.0,1295.0,0.0,773.6229508196722,0.2907498877413561
28,teleasistencia,benefit,0.0,1010.0,1010.0,0.0,522.7377049180328,0.30915212733394554
28,ayuda_domicilio,benefit,0.0,677.0,677.0,0.0,354.73770491803276,0.20722375267829812
28,atencion_residencial,benefit,0.0,378.0,378.0,0.0,197.4262295081967,0.11570247933884298
28,cuidados_familiares,benefit,0.0,1202.0,1202.0,0.0,617.688524590164,0.36792164064891336
29,sistema,system,6387.0,6387.0,6387.0,6387.0,6387.0,1.0
29,vulnerables,population,6387.0,6387.0,6387.0,6387.0,6387.0,1.0
29,no_solicitantes,administrative_state,6387.0,820.0,6387.0,820.0,2729.934426229508,0.1283857836229842
29,pendiente_grado,administrative_state,0.0,193.0,839.0,0.0,474.95081967213116,0.03021762956004384
29,sin_grado,administrative_state,0.0,1532.0,1532.0,0.0,904.1147540983607,0.2398622201346485
29,con_derecho,administrative_state,0.0,108.0,448.0,0.0,253.0,0.016909347111319868
29,con_pia,administrative_state,0.0,20.0,122.0,0.0,61.21311475409836,0.003131360576170346
29,prestacion_efectiva,administrative_state,0.0,2770.0,2770.0,0.0,1468.9344262295083,0.4336934397995929
29,lista_espera,administrative_state,0.0,944.0,944.0,0.0,494.8524590163934,0.14780021919524033
29,grado_I,degree,0.0,1544.0,1544.0,0.0,919.327868852459,0.4018740239458615
29,grado_II,degree,0.0,1379.0,1379.0,0.0,812.7868852459017,0.3589276418532015
29,grado_III,degree,0.0,919.0,919.0,0.0,545.8852459016393,0.239198334200937
29,teleasistencia,benefit,0.0,788.0,788.0,0.0,419.44262295081967,0.28447653429602887
29,ayuda_domicilio,benefit,0.0,548.0,548.0,0.0,285.9672131147541,0.19783393501805055
29,atencion_residencial,benefit,0.0,282.0,282.0,0.0,154.18032786885246,0.10180505415162455
29,cuidados_familiares,benefit,0.0,1152.0,1152.0,0.0,609.344262295082,0.41588447653429605
30,sistema,system,6387.0,6387.0,6387.0,6387.0,6387.0,1.0
30,vulnerables,population,6387.0,6387.0,6387.0,6387.0,6387.0,1.0
30,no_solicitantes,administrative_state,6387.0,891.0,6387.0,891.0,2812.0,0.1395021136683889
30,pendiente_grado,administrative_state,0.0,191.0,832.0,0.0,474.21311475409834,0.029904493502426806
30,sin_grado,administrative_state,0.0,625.0,625.0,0.0,373.5081967213115,0.09785501800532331
30,con_derecho,administrative_state,0.0,180.0,592.0,0.0,348.0327868852459,0.028182245185533115
30,con_pia,administrative_state,0.0,38.0,142.0,0.0,73.77049180327869,0.005949585094723657
30,prestacion_efectiva,administrative_state,0.0,3200.0,3200.0,0.0,1664.8032786885246,0.5010176921872553
30,lista_espera,administrative_state,0.0,1262.0,1262.0,0.0,640.672131147541,0.19758885235634882
30,grado_I,degree,0.0,1620.0,1620.0,0.0,958.688524590164,0.34615384615384615
30,grado_II,degree,0.0,1783.0,1783.0,0.0,1028.7704918032787,0.38098290598290596
30,grado_III,degree,0.0,1277.0,1277.0,0.0,739.8196721311475,0.27286324786324784
30,teleasistencia,benefit,0.0,966.0,966.0,0.0,508.6885245901639,0.301875
30,ayuda_domicilio,benefit,0.0,727.0,727.0,0.0,370.4918032786885,0.2271875
30,atencion_residencial,benefit,0.0,360.0,360.0,0.0,183.13114754098362,0.1125
30,cuidados_familiares,benefit,0.0,1147.0,1147.0,0.0,602.4918032786885,0.3584375
31,sistema,system,6387.0,6387.0,6387.0,6387.0,6387.0,1.0
31,vulnerables,population,6387.0,6387.0,6387.0,6387.0,6387.0,1.0
31,no_solicitantes,administrative_state,6387.0,794.0,6387.0,794.0,2704.622950819672,0.12431501487396274
31,pendiente_grado,administrative_state,0.0,184.0,873.0,0.0,490.1475409836066,0.028808517300767184
31,sin_grado,administrative_state,0.0,963.0,963.0,0.0,568.7049180327868,0.15077501174260216
31,con_derecho,administrative_state,0.0,165.0,527.0,0.0,318.1639344262295,0.025833724753405354
31,con_pia,administrative_state,0.0,37.0,128.0,0.0,70.18032786885246,0.00579301706591514
31,prestacion_efectiva,administrative_state,0.0,2970.0,2970.0,0.0,1568.6065573770493,0.4650070455612964
31,lista_espera,administrative_state,0.0,1274.0,1274.0,0.0,666.5737704918033,0.19946766870205104
31,grado_I,degree,0.0,1658.0,1658.0,0.0,978.8852459016393,0.3729194781826361
31,grado_II,degree,0.0,1699.0,1699.0,0.0,1007.7213114754098,0.3821412505623032
31,grado_III,degree,0.0,1089.0,1089.0,0.0,636.9180327868852,0.24493927125506074
31,teleasistencia,benefit,0.0,934.0,934.0,0.0,494.9836065573771,0.31447811447811447
31,ayuda_domicilio,benefit,0.0,579.0,579.0,0.0,312.0983606557377,0.19494949494949496
31,atencion_residencial,benefit,0.0,378.0,378.0,0.0,198.34426229508196,0.12727272727272726
31,cuidados_familiares,benefit,0.0,1079.0,1079.0,0.0,563.1803278688525,0.3632996632996633
32,sistema,system,6387.0,6387.0,6387.0,6387.0,6387.0,1.0
32,vulnerables,population,6387.0,6387.0,6387.0,6387.0,6387.0,1.0
32,no_solicitantes,administrative_state,6387.0,627.0,6387.0,627.0,2493.5081967213114,0.09816815406294034
32,pendiente_grado,administrative_state,0.0,171.0,910.0,0.0,513.2622950819672,0.02677313292625646
32,sin_grado,administrative_state,0.0,1367.0,1367.0,0.0,819.8852459016393,0.21402849538124316
32,con_derecho,administrative_state,0.0,144.0,595.0,0.0,334.6885245901639,0.02254579614842649
32,con_pia,administrative_state,0.0,34.0,137.0,0.0,66.85245901639344,0.005323312979489589
32,prestacion_efectiva,administrative_state,0.0,2717.0,2717.0,0.0,1457.9344262295083,0.4253953342727415
32,lista_espera,administrative_state,0.0,1327.0,1327.0,0.0,700.8688524590164,0.20776577422890247
32,grado_I,degree,0.0,1578.0,1578.0,0.0,959.2950819672132,0.37375651350071054
32,grado_II,degree,0.0,1612.0,1612.0,0.0,976.2459016393443,0.38180956892468026
32,grado_III,degree,0.0,1032.0,1032.0,0.0,624.8032786885246,0.2444339175746092
32,teleasistencia,benefit,0.0,808.0,808.0,0.0,431.5409836065574,0.29738682370261316
32,ayuda_domicilio,benefit,0.0,598.0,598.0,0.0,325.8524590163934,0.22009569377990432
32,atencion_residencial,benefit,0.0,329.0,329.0,0.0,180.24590163934425,0.12108943687891056
32,cuidados_familiares,benefit,0.0,982.0,982.0,0.0,520.2950819672132,0.36142804563857195
33,sistema,system,6387.0,6387.0,6387.0,6387.0,6387.0,1.0
33,vulnerables,population,6387.0,6387.0,6387.0,6387.0,6387.0,1.0
33,no_solicitantes,administrative_state,6387.0,791.0,6387.0,791.0,2672.0819672131147,0.12384531078753719
33,pendiente_grado,administrative_state,0.0,179.0,893.0,0.0,510.0,0.028025677156724597
33,sin_grado,administrative_state,0.0,1455.0,1455.0,0.0,858.6065573770492,0.22780648191639266
33,con_derecho,administrative_state,0.0,105.0,457.0,0.0,272.9672131147541,0.016439643024894316
33,con_pia,administrative_state,0.0,30.0,120.0,0.0,63.22950819672131,0.004697040864255519
33,prestacion_efectiva,administrative_state,0.0,2773.0,2773.0,0.0,1447.7540983606557,0.43416314388601845
33,lista_espera,administrative_state,0.0,1054.0,1054.0,0.0,562.360655737705,0.16502270236417724
33,grado_I,degree,0.0,1417.0,1417.0,0.0,837.5245901639345,0.35764765270065624
33,grado_II,degree,0.0,1501.0,1501.0,0.0,886.9016393442623,0.37884906612821806
33,grado_III,degree,0.0,1044.0,1044.0,0.0,621.8852459016393,0.2635032811711257
33,teleasistencia,benefit,0.0,825.0,825.0,0.0,435.2295081967213,0.29751172015867294
33,ayuda_domicilio,benefit,0.0,567.0,567.0,0.0,292.327868852459,0.20447169130905157
33,atencion_residencial,benefit,0.0,292.0,292.0,0.0,153.9344262295082,0.10530111792282726
33,cuidados_familiares,benefit,0.0,1089.0,1089.0,0.0,566.2622950819672,0.3927154706094482
34,sistema,system,6387.0,6387.0,6387.0,6387.0,6387.0,1.0
34,vulnerables,population,6387.0,6387.0,6387.0,6387.0,6387.0,1.0
34,no_solicitantes,administrative_state,6387.0,804.0,6387.0,804.0,2720.72131147541,0.12588069516204792
34,pendiente_grado,administrative_state,0.0,160.0,838.0,0.0,457.8360655737705,0.025050884609362768
34,sin_grado,administrative_state,0.0,1319.0,1319.0,0.0,776.2622950819672,0.20651322999843433
34,con_derecho,administrative_state,0.0,143.0,530.0,0.0,317.44262295081967,0.022389228119617972
34,con_pia,administrative_state,0.0,21.0,126.0,0.0,64.93442622950819,0.0032879286049788633
34,prestacion_efectiva,administrative_state,0.0,2704.0,2704.0,0.0,1403.7868852459017,0.4233599498982308
34,lista_espera,administrative_state,0.0,1236.0,1236.0,0.0,646.016393442623,0.1935180836073274
34,grado_I,degree,0.0,1480.0,1480.0,0.0,876.688524590164,0.36062378167641324
34,grado_II,degree,0.0,1536.0,1536.0,0.0,908.4918032786885,0.3742690058479532
34,grado_III,degree,0.0,1088.0,1088.0,0.0,647.0,0.2651072124756335
34,teleasistencia,benefit,0.0,871.0,871.0,0.0,445.44262295081967,0.32211538461538464
34,ayuda_domicilio,benefit,0.0,532.0,532.0,0.0,265.57377049180326,0.19674556213017752
34,atencion_residencial,benefit,0.0,321.0,321.0,0.0,168.60655737704917,0.11871301775147929
34,cuidados_familiares,benefit,0.0,980.0,980.0,0.0,524.1639344262295,0.3624260355029586
35,sistema,system,6387.0,6387.0,6387.0,6387.0,6387.0,1.0
35,vulnerables,population,6387.0,6387.0,6387.0,6387.0,6387.0,1.0
35,no_solicitantes,administrative_state,6387.0,664.0,6387.0,664.0,2572.9836065573772,0.10396117112885549
35,pendiente_grado,administrative_state,0.0,205.0,914.0,0.0,526.360655737705,0.03209644590574605
35,sin_grado,administrative_state,0.0,1325.0,1325.0,0.0,795.344262295082,0.20745263817128543
35,con_derecho,administrative_state,0.0,124.0,471.0,0.0,282.8524590163934,0.019414435572256146
35,con_pia,administrative_state,0.0,30.0,124.0,0.0,66.70491803278688,0.004697040864255519
35,prestacion_efectiva,administrative_state,0.0,2587.0,2587.0,0.0,1359.4754098360656,0.4050414905276343
35,lista_espera,administrative_state,0.0,1452.0,1452.0,0.0,783.2786885245902,0.2273367778299671
35,grado_I,degree,0.0,1536.0,1536.0,0.0,927.3770491803278,0.3663248270927737
35,grado_II,degree,0.0,1547.0,1547.0,0.0,907.5737704918033,0.36894824707846413
35,grado_III,degree,0.0,1110.0,1110.0,0.0,657.360655737705,0.2647269258287622
35,teleasistencia,benefit,0.0,737.0,737.0,0.0,388.4754098360656,0.28488596830305374
35,ayuda_domicilio,benefit,0.0,555.0,555.0,0.0,290.0163934426229,0.2145342095090839
35,atencion_residencial,benefit,0.0,277.0,277.0,0.0,151.2295081967213,0.10707383069192114
35,cuidados_familiares,benefit,0.0,1018.0,1018.0,0.0,529.7540983606557,0.39350599149594123
36,sistema,system,6387.0,6387.0,6387.0,6387.0,6387.0,1.0
36,vulnerables,population,6387.0,6387.0,6387.0,6387.0,6387.0,1.0
36,no_solicitantes,administrative_state,6387.0,695.0,6387.0,695.0,2561.655737704918,0.10881478002191952
36,pendiente_grado,administrative_state,0.0,200.0,938.0,0.0,546.4918032786885,0.03131360576170346
36,sin_grado,administrative_state,0.0,704.0,704.0,0.0,419.8032786885246,0.11022389228119618
36,con_derecho,administrative_state,0.0,165.0,568.0,0.0,337.59016393442624,0.025833724753405354
36,con_pia,administrative_state,0.0,34.0,143.0,0.0,75.78688524590164,0.005323312979489589
36,prestacion_efectiva,administrative_state,0.0,3030.0,3030.0,0.0,1625.311475409836,0.47440112728980743
36,lista_espera,administrative_state,0.0,1559.0,1559.0,0.0,820.360655737705,0.24408955691247847
36,grado_I,degree,0.0,1831.0,1831.0,0.0,1093.704918032787,0.38241436925647454
36,grado_II,degree,0.0,1764.0,1764.0,0.0,1047.032786885246,0.3684210526315789
36,grado_III,degree,0.0,1193.0,1193.0,0.0,718.311475409836,0.24916457811194653
36,teleasistencia,benefit,0.0,950.0,950.0,0.0,513.5081967213115,0.31353135313531355
36,ayuda_domicilio,benefit,0.0,674.0,674.0,0.0,360.4754098360656,0.22244224422442244
36,atencion_residencial,benefit,0.0,299.0,299.0,0.0,160.60655737704917,0.09867986798679867
36,cuidados_familiares,benefit,0.0,1107.0,1107.0,0.0,590.7213114754098,0.36534653465346534
37,sistema,system,6387.0,6387.0,6387.0,6387.0,6387.0,1.0
37,vulnerables,population,6387.0,6387.0,6387.0,6387.0,6387.0,1.0
37,no_solicitantes,administrative_state,6387.0,903.0,6387.0,903.0,2801.934426229508,0.14138093001409113
37,pendiente_grado,administrative_state,0.0,202.0,843.0,0.0,496.0163934426229,0.03162674181932049
37,sin_grado,administrative_state,0.0,1336.0,1336.0,0.0,772.9672131147541,0.2091748864881791
37,con_derecho,administrative_state,0.0,146.0,495.0,0.0,304.42622950819674,0.022858932206043524
37,con_pia,administrative_state,0.0,20.0,109.0,0.0,62.295081967213115,0.003131360576170346
37,prestacion_efectiva,administrative_state,0.0,2713.0,2713.0,0.0,1407.327868852459,0.4247690621575074
37,lista_espera,administrative_state,0.0,1067.0,1067.0,0.0,542.0327868852459,0.16705808673868797
37,grado_I,degree,0.0,1455.0,1455.0,0.0,867.1475409836065,0.36872782564622403
37,grado_II,degree,0.0,1480.0,1480.0,0.0,858.0327868852459,0.3750633552965028
37,grado_III,degree,0.0,1011.0,1011.0,0.0,590.9016393442623,0.25620881905727316
37,teleasistencia,benefit,0.0,874.0,874.0,0.0,450.72131147540983,0.32215259859933654
37,ayuda_domicilio,benefit,0.0,552.0,552.0,0.0,285.672131147541,0.20346479911537044
37,atencion_residencial,benefit,0.0,269.0,269.0,0.0,144.62295081967213,0.09915223000368596
37,cuidados_familiares,benefit,0.0,1018.0,1018.0,0.0,526.311475409836,0.37523037228160705
38,sistema,system,6387.0,6387.0,6387.0,6387.0,6387.0,1.0
38,vulnerables,population,6387.0,6387.0,6387.0,6387.0,6387.0,1.0
38,no_solicitantes,administrative_state,6387.0,822.0,6387.0,822.0,2746.5737704918033,0.1286989196806012
38,pendiente_grado,administrative_state,0.0,192.0,790.0,0.0,478.5409836065574,0.030061061531235323
38,sin_grado,administrative_state,0.0,883.0,883.0,0.0,518.8196721311475,0.13824956943792077
38,con_derecho,administrative_state,0.0,142.0,497.0,0.0,293.44262295081967,0.022232660090809455
38,con_pia,administrative_state,0.0,34.0,125.0,0.0,71.27868852459017,0.005323312979489589
38,prestacion_efectiva,administrative_state,0.0,2924.0,2924.0,0.0,1540.655737704918,0.4578049162361046
38,lista_espera,administrative_state,0.0,1390.0,1390.0,0.0,737.688524590164,0.21762956004383904
38,grado_I,degree,0.0,1639.0,1639.0,0.0,977.0819672131148,0.36503340757238306
38,grado_II,degree,0.0,1637.0,1637.0,0.0,951.7868852459017,0.3645879732739421
38,grado_III,degree,0.0,1214.0,1214.0,0.0,714.1967213114754,0.27037861915367484
38,teleasistencia,benefit,0.0,862.0,862.0,0.0,443.9344262295082,0.2948016415868673
38,ayuda_domicilio,benefit,0.0,635.0,635.0,0.0,347.42622950819674,0.21716826265389877
38,atencion_residencial,benefit,0.0,310.0,310.0,0.0,159.327868852459,0.10601915184678523
38,cuidados_familiares,benefit,0.0,1117.0,1117.0,0.0,589.9672131147541,0.3820109439124487
39,sistema,system,6387.0,6387.0,6387.0,6387.0,6387.0,1.0
39,vulnerables,population,6387.0,6387.0,6387.0,6387.0,6387.0,1.0
39,no_solicitantes,administrative_state,6387.0,792.0,6387.0,792.0,2680.2295081967213,0.1240018788163457
39,pendiente_grado,administrative_state,0.0,189.0,882.0,0.0,501.08196721311475,0.02959135744480977
39,sin_grado,administrative_state,0.0,1015.0,1015.0,0.0,596.5081967213115,0.15891654924064505
39,con_derecho,administrative_state,0.0,146.0,550.0,0.0,324.59016393442624,0.022858932206043524
39,con_pia,administrative_state,0.0,32.0,125.0,0.0,69.59016393442623,0.005010176921872554
39,prestacion_efectiva,administrative_state,0.0,3134.0,3134.0,0.0,1657.327868852459,0.4906842022858932
39,lista_espera,administrative_state,0.0,1079.0,1079.0,0.0,557.672131147541,0.16893690308439016
39,grado_I,degree,0.0,1512.0,1512.0,0.0,897.311475409836,0.34434069687998176
39,grado_II,degree,0.0,1658.0,1658.0,0.0,985.0491803278688,0.3775905260760647
39,grado_III,degree,0.0,1221.0,1221.0,0.0,726.8196721311475,0.27806877704395355
39,teleasistencia,benefit,0.0,1015.0,1015.0,0.0,537.5573770491803,0.3238672622846203
39,ayuda_domicilio,benefit,0.0,682.0,682.0,0.0,364.60655737704917,0.21761327377153797
39,atencion_residencial,benefit,0.0,308.0,308.0,0.0,165.36065573770492,0.0982769623484365
39,cuidados_familiares,benefit,0.0,1129.0,1129.0,0.0,589.8032786885246,0.3602425015954052
40,sistema,system,6387.0,6387.0,6387.0,6387.0,6387.0,1.0
40,vulnerables,population,6387.0,6387.0,6387.0,6387.0,6387.0,1.0
40,no_solicitantes,administrative_state,6387.0,830.0,6387.0,830.0,2766.065573770492,0.12995146391106935
40,pendiente_grado,administrative_state,0.0,207.0,818.0,0.0,477.6885245901639,0.032409581963363084
40,sin_grado,administrative_state,0.0,999.0,999.0,0.0,581.1639344262295,0.15641146077970877
40,con_derecho,administrative_state,0.0,137.0,481.0,0.0,290.08196721311475,0.02144981994676687
40,con_pia,administrative_state,0.0,42.0,137.0,0.0,69.08196721311475,0.006575857209957727
40,prestacion_efectiva,administrative_state,0.0,3069.0,3069.0,0.0,1616.4426229508197,0.4805072804133396
40,lista_espera,administrative_state,0.0,1103.0,1103.0,0.0,586.4754098360655,0.17269453577579458
40,grado_I,degree,0.0,1640.0,1640.0,0.0,982.655737704918,0.37692484486324984
40,grado_II,degree,0.0,1628.0,1628.0,0.0,950.1475409836065,0.37416685819351875
40,grado_III,degree,0.0,1083.0,1083.0,0.0,629.2786885245902,0.24890829694323144
40,teleasistencia,benefit,0.0,1059.0,1059.0,0.0,549.0819672131148,0.34506353861192574
40,ayuda_domicilio,benefit,0.0,635.0,635.0,0.0,335.672131147541,0.20690778755294884
40,atencion_residencial,benefit,0.0,319.0,319.0,0.0,165.86885245901638,0.1039426523297491
40,cuidados_familiares,benefit,0.0,1056.0,1056.0,0.0,565.8196721311475,0.34408602150537637
41,sistema,system,6387.0,6387.0,6387.0,6387.0,6387.0,1.0
41,vulnerables,population,6387.0,6387.0,6387.0,6387.0,6387.0,1.0
41,no_solicitantes,administrative_state,6387.0,714.0,6387.0,714.0,2664.1311475409834,0.11178957256928135
41,pendiente_grado,administrative_state,0.0,195.0,828.0,0.0,467.04918032786884,0.030530765617660875
41,sin_grado,administrative_state,0.0,1428.0,1428.0,0.0,849.5245901639345,0.2235791451385627
41,con_derecho,administrative_state,0.0,141.0,522.0,0.0,298.6393442622951,0.02207609206200094
41,con_pia,administrative_state,0.0,27.0,117.0,0.0,64.08196721311475,0.004227336777829967
41,prestacion_efectiva,administrative_state,0.0,2480.0,2480.0,0.0,1307.9016393442623,0.3882887114451229
41,lista_espera,administrative_state,0.0,1402.0,1402.0,0.0,735.672131147541,0.21950837638954127
41,grado_I,degree,0.0,1534.0,1534.0,0.0,915.1311475409836,0.37876543209876545
41,grado_II,degree,0.0,1457.0,1457.0,0.0,864.8196721311475,0.35975308641975307
41,grado_III,degree,0.0,1059.0,1059.0,0.0,626.344262295082,0.2614814814814815
41,teleasistencia,benefit,0.0,859.0,859.0,0.0,444.08196721311475,0.3463709677419355
41,ayuda_domicilio,benefit,0.0,483.0,483.0,0.0,265.3606557377049,0.19475806451612904
41,atencion_residencial,benefit,0.0,247.0,247.0,0.0,126.60655737704919,0.09959677419354838
41,cuidados_familiares,benefit,0.0,891.0,891.0,0.0,471.8524590163934,0.3592741935483871
42,sistema,system,6387.0,6387.0,6387.0,6387.0,6387.0,1.0
42,vulnerables,population,6387.0,6387.0,6387.0,6387.0,6387.0,1.0
42,no_solicitantes,administrative_state,6387.0,652.0,6387.0,652.0,2547.3278688524592,0.10208235478315328
42,pendiente_grado,administrative_state,0.0,162.0,892.0,0.0,476.655737704918,0.025364020666979802
42,sin_grado,administrative_state,0.0,1507.0,1507.0,0.0,916.7704918032787,0.23594801941443558
42,con_derecho,administrative_state,0.0,146.0,565.0,0.0,324.11475409836066,0.022858932206043524
42,con_pia,administrative_state,0.0,36.0,133.0,0.0,64.26229508196721,0.0056364490371066224
42,prestacion_efectiva,administrative_state,0.0,3009.0,3009.0,0.0,1598.9180327868853,0.47111319868482854
42,lista_espera,administrative_state,0.0,875.0,875.0,0.0,458.95081967213116,0.13699702520745263
42,grado_I,degree,0.0,1497.0,1497.0,0.0,898.1967213114754,0.368175110673881
42,grado_II,degree,0.0,1462.0,1462.0,0.0,881.9344262295082,0.35956714215445157
42,grado_III,degree,0.0,1107.0,1107.0,0.0,666.1147540983607,0.2722577471716675
42,teleasistencia,benefit,0.0,898.0,898.0,0.0,477.4754098360656,0.29843801927550684
42,ayuda_domicilio,benefit,0.0,678.0,678.0,0.0,360.8688524590164,0.22532402791625125
42,atencion_residencial,benefit,0.0,351.0,351.0,0.0,179.14754098360655,0.11665004985044865
42,cuidados_familiares,benefit,0.0,1082.0,1082.0,0.0,581.4262295081967,0.3595879029577933
43,sistema,system,6387.0,6387.0,6387.0,6387.0,6387.0,1.0
43,vulnerables,population,6387.0,6387.0,6387.0,6387.0,6387.0,1.0
43,no_solicitantes,administrative_state,6387.0,819.0,6387.0,819.0,2760.7049180327867,0.12822921559417566
43,pendiente_grado,administrative_state,0.0,186.0,821.0,0.0,479.327868852459,0.02912165335838422
43,sin_grado,administrative_state,0.0,1399.0,1399.0,0.0,814.1639344262295,0.21903867230311572
43,con_derecho,administrative_state,0.0,129.0,446.0,0.0,263.8360655737705,0.020197275716298733
43,con_pia,administrative_state,0.0,31.0,118.0,0.0,63.18032786885246,0.0048536088930640365
43,prestacion_efectiva,administrative_state,0.0,2504.0,2504.0,0.0,1322.327868852459,0.39204634413652734
43,lista_espera,administrative_state,0.0,1319.0,1319.0,0.0,683.4590163934427,0.20651322999843433
43,grado_I,degree,0.0,1363.0,1363.0,0.0,786.1311475409836,0.34220436856640724
43,grado_II,degree,0.0,1526.0,1526.0,0.0,894.327868852459,0.38312829525483305
43,grado_III,degree,0.0,1094.0,1094.0,0.0,652.344262295082,0.2746673361787597
43,teleasistencia,benefit,0.0,769.0,769.0,0.0,417.0655737704918,0.30710862619808305
43,ayuda_domicilio,benefit,0.0,541.0,541.0,0.0,283.655737704918,0.21605431309904152
43,atencion_residencial,benefit,0.0,269.0,269.0,0.0,135.0983606557377,0.10742811501597443
43,cuidados_familiares,benefit,0.0,925.0,925.0,0.0,486.5081967213115,0.36940894568690097
44,sistema,system,6387.0,6387.0,6387.0,6387.0,6387.0,1.0
44,vulnerables,population,6387.0,6387.0,6387.0,6387.0,6387.0,1.0
44,no_solicitantes,administrative_state,6387.0,661.0,6387.0,661.0,2544.27868852459,0.10349146704242994
44,pendiente_grado,administrative_state,0.0,234.0,921.0,0.0,545.1967213114754,0.03663691874119305
44,sin_grado,administrative_state,0.0,778.0,778.0,0.0,462.1967213114754,0.12180992641302646
44,con_derecho,administrative_state,0.0,150.0,596.0,0.0,349.8032786885246,0.023485204321277594
44,con_pia,administrative_state,0.0,33.0,139.0,0.0,74.81967213114754,0.005166744950681071
44,prestacion_efectiva,administrative_state,0.0,2828.0,2828.0,0.0,1500.0819672131147,0.4427743854704869
44,lista_espera,administrative_state,0.0,1703.0,1703.0,0.0,910.6229508196722,0.26663535306090497
44,grado_I,degree,0.0,1680.0,1680.0,0.0,1012.4098360655738,0.3563852354688163
44,grado_II,degree,0.0,1847.0,1847.0,0.0,1102.0819672131147,0.3918116249469665
44,grado_III,degree,0.0,1187.0,1187.0,0.0,720.8360655737705,0.25180313958421724
44,teleasistencia,benefit,0.0,811.0,811.0,0.0,425.37704918032784,0.28677510608203677
44,ayuda_domicilio,benefit,0.0,629.0,629.0,0.0,336.655737704918,0.2224186704384724
44,atencion_residencial,benefit,0.0,254.0,254.0,0.0,135.88524590163934,0.08981612446958982
44,cuidados_familiares,benefit,0.0,1134.0,1134.0,0.0,602.1639344262295,0.400990099009901
45,sistema,system,6387.0,6387.0,6387.0,6387.0,6387.0,1.0
45,vulnerables,population,6387.0,6387.0,6387.0,6387.0,6387.0,1.0
45,no_solicitantes,administrative_state,6387.0,908.0,6387.0,908.0,2794.6065573770493,0.1421637701581337
45,pendiente_grado,administrative_state,0.0,208.0,871.0,0.0,510.1967213114754,0.0325661499921716
45,sin_grado,administrative_state,0.0,732.0,732.0,0.0,439.59016393442624,0.11460779708783467
45,con_derecho,administrative_state,0.0,165.0,531.0,0.0,328.8032786885246,0.025833724753405354
45,con_pia,administrative_state,0.0,37.0,128.0,0.0,71.70491803278688,0.00579301706591514
45,prestacion_efectiva,administrative_state,0.0,2937.0,2937.0,0.0,1505.295081967213,0.4598403006106153
45,lista_espera,administrative_state,0.0,1400.0,1400.0,0.0,736.8032786885246,0.21919524033192422
45,grado_I,degree,0.0,1581.0,1581.0,0.0,924.8360655737705,0.34831460674157305
45,grado_II,degree,0.0,1781.0,1781.0,0.0,1040.0,0.3923771755893369
45,grado_III,degree,0.0,1177.0,1177.0,0.0,677.7704918032787,0.2593082176690901
45,teleasistencia,benefit,0.0,982.0,982.0,0.0,512.1803278688525,0.33435478379298605
45,ayuda_domicilio,benefit,0.0,572.0,572.0,0.0,296.7049180327869,0.1947565543071161
45,atencion_residencial,benefit,0.0,300.0,300.0,0.0,143.5737704918033,0.10214504596527069
45,cuidados_familiares,benefit,0.0,1083.0,1083.0,0.0,552.8360655737705,0.3687436159346272
46,sistema,system,6387.0,6387.0,6387.0,6387.0,6387.0,1.0
46,vulnerables,population,6387.0,6387.0,6387.0,6387.0,6387.0,1.0
46,no_solicitantes,administrative_state,6387.0,815.0,6387.0,815.0,2720.0819672131147,0.1276029434789416
46,pendiente_grado,administrative_state,0.0,216.0,900.0,0.0,521.8196721311475,0.033818694222639736
46,sin_grado,administrative_state,0.0,745.0,745.0,0.0,427.9836065573771,0.11664318146234538
46,con_derecho,administrative_state,0.0,148.0,558.0,0.0,321.8032786885246,0.02317206826366056
46,con_pia,administrative_state,0.0,35.0,139.0,0.0,73.1639344262295,0.005479881008298106
46,prestacion_efectiva,administrative_state,0.0,3119.0,3119.0,0.0,1637.7377049180327,0.48833568185376547
46,lista_espera,administrative_state,0.0,1309.0,1309.0,0.0,684.4098360655738,0.20494754971034915
46,grado_I,degree,0.0,1672.0,1672.0,0.0,973.2459016393443,0.3626111472565604
46,grado_II,degree,0.0,1722.0,1722.0,0.0,1014.9344262295082,0.3734547820429408
46,grado_III,degree,0.0,1217.0,1217.0,0.0,728.9344262295082,0.2639340707004988
46,teleasistencia,benefit,0.0,954.0,954.0,0.0,514.688524590164,0.30586726514908624
46,ayuda_domicilio,benefit,0.0,771.0,771.0,0.0,401.2950819672131,0.2471946136582238
46,atencion_residencial,benefit,0.0,324.0,324.0,0.0,168.0327868852459,0.1038794485411991
46,cuidados_familiares,benefit,0.0,1070.0,1070.0,0.0,553.7213114754098,0.34305867265149087
47,sistema,system,6387.0,6387.0,6387.0,6387.0,6387.0,1.0
47,vulnerables,population,6387.0,6387.0,6387.0,6387.0,6387.0,1.0
47,no_solicitantes,administrative_state,6387.0,898.0,6387.0,898.0,2817.344262295082,0.14059808987004854
47,pendiente_grado,administrative_state,0.0,219.0,789.0,0.0,475.0327868852459,0.03428839830906529
47,sin_grado,administrative_state,0.0,661.0,661.0,0.0,397.4754098360656,0.10349146704242994
47,con_derecho,administrative_state,0.0,165.0,567.0,0.0,354.5245901639344,0.025833724753405354
47,con_pia,administrative_state,0.0,31.0,133.0,0.0,72.85245901639344,0.0048536088930640365
47,prestacion_efectiva,administrative_state,0.0,3282.0,3282.0,0.0,1700.0983606557377,0.5138562705495537
47,lista_espera,administrative_state,0.0,1131.0,1131.0,0.0,569.672131147541,0.17707844058243308
47,grado_I,degree,0.0,1614.0,1614.0,0.0,942.0655737704918,0.35018442178346715
47,grado_II,degree,0.0,1677.0,1677.0,0.0,982.7540983606557,0.3638533304404426
47,grado_III,degree,0.0,1318.0,1318.0,0.0,772.327868852459,0.28596224777609025
47,teleasistencia,benefit,0.0,994.0,994.0,0.0,515.016393442623,0.3028641072516758
47,ayuda_domicilio,benefit,0.0,653.0,653.0,0.0,331.72131147540983,0.19896404631322365
47,atencion_residencial,benefit,0.0,325.0,325.0,0.0,164.21311475409837,0.09902498476538696
47,cuidados_familiares,benefit,0.0,1310.0,1310.0,0.0,689.1475409836065,0.3991468616697136
48,sistema,system,6387.0,6387.0,6387.0,6387.0,6387.0,1.0
48,vulnerables,population,6387.0,6387.0,6387.0,6387.0,6387.0,1.0
48,no_solicitantes,administrative_state,6387.0,896.0,6387.0,896.0,2775.377049180328,0.1402849538124315
48,pendiente_grado,administrative_state,0.0,223.0,862.0,0.0,516.0819672131148,0.03491467042429936
48,sin_grado,administrative_state,0.0,878.0,878.0,0.0,510.655737704918,0.13746672929387818
48,con_derecho,administrative_state,0.0,145.0,517.0,0.0,319.6885245901639,0.022702364177235007
48,con_pia,administrative_state,0.0,28.0,125.0,0.0,69.59016393442623,0.004383904806638484
48,prestacion_efectiva,administrative_state,0.0,3045.0,3045.0,0.0,1584.8524590163934,0.4767496477219352
48,lista_espera,administrative_state,0.0,1172.0,1172.0,0.0,610.7540983606557,0.18349772976358228
48,grado_I,degree,0.0,1533.0,1533.0,0.0,887.5081967213115,0.3492027334851936
48,grado_II,degree,0.0,1576.0,1576.0,0.0,933.655737704918,0.358997722095672
48,grado_III,degree,0.0,1281.0,1281.0,0.0,763.7213114754098,0.2917995444191344
48,teleasistencia,benefit,0.0,1068.0,1068.0,0.0,541.8524590163935,0.35073891625615766
48,ayuda_domicilio,benefit,0.0,630.0,630.0,0.0,337.27868852459017,0.20689655172413793
48,atencion_residencial,benefit,0.0,282.0,282.0,0.0,148.672131147541,0.09261083743842365
48,cuidados_familiares,benefit,0.0,1065.0,1065.0,0.0,557.0491803278688,0.3497536945812808
49,sistema,system,6387.0,6387.0,6387.0,6387.0,6387.0,1.0
49,vulnerables,population,6387.0,6387.0,6387.0,6387.0,6387.0,1.0
49,no_solicitantes,administrative_state,6387.0,921.0,6387.0,921.0,2806.8852459016393,0.14419915453264442
49,pendiente_grado,administrative_state,0.0,226.0,904.0,0.0,520.4754098360655,0.03538437451072491
49,sin_grado,administrative_state,0.0,863.0,863.0,0.0,515.0491803278688,0.13511820886175044
49,con_derecho,administrative_state,0.0,165.0,530.0,0.0,339.59016393442624,0.025833724753405354
49,con_pia,administrative_state,0.0,41.0,127.0,0.0,69.04918032786885,0.006419289181149209
49,prestacion_efectiva,administrative_state,0.0,3168.0,3168.0,0.0,1624.2131147540983,0.4960075152653828
49,lista_espera,administrative_state,0.0,1003.0,1003.0,0.0,511.73770491803276,0.15703773289494286
49,grado_I,degree,0.0,1606.0,1606.0,0.0,937.4754098360655,0.36691798035183915
49,grado_II,degree,0.0,1648.0,1648.0,0.0,948.5737704918033,0.376513593785698
49,grado_III,degree,0.0,1123.0,1123.0,0.0,658.5409836065573,0.25656842586246287
49,teleasistencia,benefit,0.0,1053.0,1053.0,0.0,536.2459016393443,0.33238636363636365
49,ayuda_domicilio,benefit,0.0,626.0,626.0,0.0,311.57377049180326,0.1976010101010101
49,atencion_residencial,benefit,0.0,360.0,360.0,0.0,188.40983606557376,0.11363636363636363
49,cuidados_familiares,benefit,0.0,1129.0,1129.0,0.0,587.983606557377,0.35637626262626265
50,sistema,system,6387.0,6387.0,6387.0,6387.0,6387.0,1.0
50,vulnerables,population,6387.0,6387.0,6387.0,6387.0,6387.0,1.0
50,no_solicitantes,administrative_state,6387.0,834.0,6387.0,834.0,2705.0163934426228,0.13057773602630343
50,pendiente_grado,administrative_state,0.0,166.0,848.0,0.0,490.08196721311475,0.02599029278221387
50,sin_grado,administrative_state,0.0,1057.0,1057.0,0.0,635.0,0.16549240645060279
50,con_derecho,administrative_state,0.0,114.0,522.0,0.0,302.0327868852459,0.017848755284170972
50,con_pia,administrative_state,0.0,30.0,142.0,0.0,69.11475409836065,0.004697040864255519
50,prestacion_efectiva,administrative_state,0.0,3157.0,3157.0,0.0,1641.7377049180327,0.4942852669484891
50,lista_espera,administrative_state,0.0,1029.0,1029.0,0.0,544.016393442623,0.1611085016439643
50,grado_I,degree,0.0,1619.0,1619.0,0.0,957.2131147540983,0.3739030023094688
50,grado_II,degree,0.0,1554.0,1554.0,0.0,915.0983606557377,0.35889145496535796
50,grado_III,degree,0.0,1157.0,1157.0,0.0,684.5901639344262,0.2672055427251732
50,teleasistencia,benefit,0.0,874.0,874.0,0.0,460.0,0.2768451061133988
50,ayuda_domicilio,benefit,0.0,639.0,639.0,0.0,320.9344262295082,0.20240734874881217
50,atencion_residencial,benefit,0.0,377.0,377.0,0.0,199.7704918032787,0.119417168197656
50,cuidados_familiares,benefit,0.0,1267.0,1267.0,0.0,661.0327868852459,0.401330376940133
51,sistema,system,6387.0,6387.0,6387.0,6387.0,6387.0,1.0
51,vulnerables,population,6387.0,6387.0,6387.0,6387.0,6387.0,1.0
51,no_solicitantes,administrative_state,6387.0,644.0,6387.0,644.0,2508.9836065573772,0.10082981055268514
51,pendiente_grado,administrative_state,0.0,159.0,924.0,0.0,509.39344262295083,0.02489431658055425
51,sin_grado,administrative_state,0.0,1031.0,1031.0,0.0,612.3934426229508,0.16142163770158133
51,con_derecho,administrative_state,0.0,132.0,646.0,0.0,345.0,0.020666979802724285
51,con_pia,administrative_state,0.0,23.0,136.0,0.0,72.47540983606558,0.003601064662595898
51,prestacion_efectiva,administrative_state,0.0,2806.0,2806.0,0.0,1481.0655737704917,0.43932988883669954
51,lista_espera,administrative_state,0.0,1592.0,1592.0,0.0,857.688524590164,0.24925630186315953
51,grado_I,degree,0.0,1728.0,1728.0,0.0,1042.1311475409836,0.37952998023281354
51,grado_II,degree,0.0,1684.0,1684.0,0.0,1033.9344262295083,0.36986602240281136
51,grado_III,degree,0.0,1141.0,1141.0,0.0,680.1639344262295,0.25060399736437516
51,teleasistencia,benefit,0.0,869.0,869.0,0.0,453.9836065573771,0.3096935138987883
51,ayuda_domicilio,benefit,0.0,562.0,562.0,0.0,297.6885245901639,0.20028510334996436
51,atencion_residencial,benefit,0.0,348.0,348.0,0.0,179.55737704918033,0.1240199572344975
51,cuidados_familiares,benefit,0.0,1027.0,1027.0,0.0,549.8360655737705,0.3660014255167498
52,sistema,system,6387.0,6387.0,6387.0,6387.0,6387.0,1.0
52,vulnerables,population,6387.0,6387.0,6387.0,6387.0,6387.0,1.0
52,no_solicitantes,administrative_state,6387.0,703.0,6387.0,703.0,2628.655737704918,0.11006732425238766
52,pendiente_grado,administrative_state,0.0,195.0,947.0,0.0,552.0491803278688,0.030530765617660875
52,sin_grado,administrative_state,0.0,1328.0,1328.0,0.0,784.2131147540983,0.20792234225771097
52,con_derecho,administrative_state,0.0,145.0,477.0,0.0,301.04918032786884,0.022702364177235007
52,con_pia,administrative_state,0.0,23.0,115.0,0.0,65.8360655737705,0.003601064662595898
52,prestacion_efectiva,administrative_state,0.0,2508.0,2508.0,0.0,1286.4098360655737,0.39267261625176136
52,lista_espera,administrative_state,0.0,1485.0,1485.0,0.0,768.7868852459017,0.2325035227806482
52,grado_I,degree,0.0,1444.0,1444.0,0.0,831.7213114754098,0.3470319634703196
52,grado_II,degree,0.0,1676.0,1676.0,0.0,980.8196721311475,0.40278779139629894
52,grado_III,degree,0.0,1041.0,1041.0,0.0,609.5409836065573,0.2501802451333814
52,teleasistencia,benefit,0.0,827.0,827.0,0.0,422.78688524590166,0.32974481658692184
52,ayuda_domicilio,benefit,0.0,589.0,589.0,0.0,303.27868852459017,0.23484848484848486
52,atencion_residencial,benefit,0.0,246.0,246.0,0.0,124.26229508196721,0.09808612440191387
52,cuidados_familiares,benefit,0.0,846.0,846.0,0.0,436.08196721311475,0.3373205741626794
53,sistema,system,6387.0,6387.0,6387.0,6387.0,6387.0,1.0
53,vulnerables,population,6387.0,6387.0,6387.0,6387.0,6387.0,1.0
53,no_solicitantes,administrative_state,6387.0,674.0,6387.0,674.0,2532.377049180328,0.10552685141694067
53,pendiente_grado,administrative_state,0.0,168.0,937.0,0.0,501.1803278688525,0.026303428839830906
53,sin_grado,administrative_state,0.0,634.0,634.0,0.0,388.5245901639344,0.09926413026459997
53,con_derecho,administrative_state,0.0,148.0,619.0,0.0,350.3114754098361,0.02317206826366056
53,con_pia,administrative_state,0.0,30.0,164.0,0.0,78.08196721311475,0.004697040864255519
53,prestacion_efectiva,administrative_state,0.0,3622.0,3622.0,0.0,1936.9180327868853,0.5670894003444497
53,lista_espera,administrative_state,0.0,1111.0,1111.0,0.0,599.6065573770492,0.17394708000626272
53,grado_I,degree,0.0,1744.0,1744.0,0.0,1058.8196721311476,0.35512115658725313
53,grado_II,degree,0.0,1913.0,1913.0,0.0,1157.704918032787,0.38953369985746283
53,grado_III,degree,0.0,1254.0,1254.0,0.0,748.3934426229508,0.25534514355528404
53,teleasistencia,benefit,0.0,1023.0,1023.0,0.0,545.1311475409836,0.2824406405300939
53,ayuda_domicilio,benefit,0.0,736.0,736.0,0.0,391.57377049180326,0.20320265046935396
53,atencion_residencial,benefit,0.0,446.0,446.0,0.0,245.14754098360655,0.12313638873550524
53,cuidados_familiares,benefit,0.0,1417.0,1417.0,0.0,755.0655737704918,0.39122032026504694
54,sistema,system,6387.0,6387.0,6387.0,6387.0,6387.0,1.0
54,vulnerables,population,6387.0,6387.0,6387.0,6387.0,6387.0,1.0
54,no_solicitantes,administrative_state,6387.0,799.0,6387.0,799.0,2711.2131147540986,0.12509785501800533
54,pendiente_grado,administrative_state,0.0,180.0,842.0,0.0,466.78688524590166,0.028182245185533115
54,sin_grado,administrative_state,0.0,1156.0,1156.0,0.0,692.2295081967213,0.180992641302646
54,con_derecho,administrative_state,0.0,151.0,595.0,0.0,330.72131147540983,0.02364177235008611
54,con_pia,administrative_state,0.0,33.0,123.0,0.0,67.22950819672131,0.005166744950681071
54,prestacion_efectiva,administrative_state,0.0,2996.0,2996.0,0.0,1566.327868852459,0.4690778143103178
54,lista_espera,administrative_state,0.0,1072.0,1072.0,0.0,552.4918032786885,0.16784092688273056
54,grado_I,degree,0.0,1635.0,1635.0,0.0,965.655737704918,0.3845249294449671
54,grado_II,degree,0.0,1622.0,1622.0,0.0,971.3770491803278,0.38146754468485417
54,grado_III,degree,0.0,995.0,995.0,0.0,579.7377049180328,0.23400752587017873
54,teleasistencia,benefit,0.0,920.0,920.0,0.0,489.6393442622951,0.30707610146862485
54,ayuda_domicilio,benefit,0.0,610.0,610.0,0.0,315.4918032786885,0.20360480640854473
54,atencion_residencial,benefit,0.0,336.0,336.0,0.0,178.4262295081967,0.11214953271028037
54,cuidados_familiares,benefit,0.0,1130.0,1130.0,0.0,582.7704918032787,0.3771695594125501
55,sistema,system,6387.0,6387.0,6387.0,6387.0,6387.0,1.0
55,vulnerables,population,6387.0,6387.0,6387.0,6387.0,6387.0,1.0
55,no_solicitantes,administrative_state,6387.0,839.0,6387.0,839.0,2791.245901639344,0.13136057617034602
55,pendiente_grado,administrative_state,0.0,218.0,787.0,0.0,457.1639344262295,0.03413183028025677
55,sin_grado,administrative_state,0.0,1121.0,1121.0,0.0,670.8032786885246,0.1755127602943479
55,con_derecho,administrative_state,0.0,129.0,478.0,0.0,292.5409836065574,0.020197275716298733
55,con_pia,administrative_state,0.0,39.0,122.0,0.0,66.88524590163935,0.0061061531235321745
55,prestacion_efectiva,administrative_state,0.0,3035.0,3035.0,0.0,1586.8688524590164,0.47518396743385
55,lista_espera,administrative_state,0.0,1006.0,1006.0,0.0,521.4918032786885,0.1575074369813684
55,grado_I,degree,0.0,1518.0,1518.0,0.0,898.2950819672132,0.36065573770491804
55,grado_II,degree,0.0,1674.0,1674.0,0.0,974.1803278688525,0.3977191732002851
55,grado_III,degree,0.0,1017.0,1017.0,0.0,595.311475409836,0.24162508909479685
55,teleasistencia,benefit,0.0,961.0,961.0,0.0,515.1147540983607,0.31663920922570016
55,ayuda_domicilio,benefit,0.0,695.0,695.0,0.0,361.59016393442624,0.22899505766062603
55,atencion_residencial,benefit,0.0,314.0,314.0,0.0,160.63934426229508,0.10345963756177924
55,cuidados_familiares,benefit,0.0,1065.0,1065.0,0.0,549.5245901639345,0.35090609555189456
56,sistema,system,6387.0,6387.0,6387.0,6387.0,6387.0,1.0
56,vulnerables,population,6387.0,6387.0,6387.0,6387.0,6387.0,1.0
56,no_solicitantes,administrative_state,6387.0,834.0,6387.0,834.0,2745.27868852459,0.13057773602630343
56,pendiente_grado,administrative_state,0.0,175.0,808.0,0.0,466.57377049180326,0.027399405041490528
56,sin_grado,administrative_state,0.0,1190.0,1190.0,0.0,692.6065573770492,0.1863159542821356
56,con_derecho,administrative_state,0.0,167.0,556.0,0.0,330.5245901639344,0.02614686081102239
56,con_pia,administrative_state,0.0,36.0,111.0,0.0,65.91803278688525,0.0056364490371066224
56,prestacion_efectiva,administrative_state,0.0,2768.0,2768.0,0.0,1446.704918032787,0.4333803037419759
56,lista_espera,administrative_state,0.0,1217.0,1217.0,0.0,639.3934426229508,0.19054329105996556
56,grado_I,degree,0.0,1577.0,1577.0,0.0,940.327868852459,0.3765520534861509
56,grado_II,degree,0.0,1615.0,1615.0,0.0,951.5081967213115,0.3856255969436485
56,grado_III,degree,0.0,996.0,996.0,0.0,590.7049180327868,0.23782234957020057
56,teleasistencia,benefit,0.0,809.0,809.0,0.0,415.1803278688525,0.2922687861271676
56,ayuda_domicilio,benefit,0.0,526.0,526.0,0.0,281.8032786885246,0.19002890173410406
56,atencion_residencial,benefit,0.0,243.0,243.0,0.0,125.60655737704919,0.08778901734104046
56,cuidados_familiares,benefit,0.0,1190.0,1190.0,0.0,624.1147540983607,0.42991329479768786
57,sistema,system,6387.0,6387.0,6387.0,6387.0,6387.0,1.0
57,vulnerables,population,6387.0,6387.0,6387.0,6387.0,6387.0,1.0
57,no_solicitantes,administrative_state,6387.0,767.0,6387.0,767.0,2699.2131147540986,0.12008767809613277
57,pendiente_grado,administrative_state,0.0,220.0,927.0,0.0,524.9672131147541,0.034444966337873806
57,sin_grado,administrative_state,0.0,1343.0,1343.0,0.0,780.7049180327868,0.21027086268983874
57,con_derecho,administrative_state,0.0,159.0,516.0,0.0,309.5409836065574,0.02489431658055425
57,con_pia,administrative_state,0.0,34.0,127.0,0.0,63.90163934426229,0.005323312979489589
57,prestacion_efectiva,administrative_state,0.0,2851.0,2851.0,0.0,1476.5737704918033,0.44637545013308283
57,lista_espera,administrative_state,0.0,1013.0,1013.0,0.0,532.0983606557377,0.15860341318302804
57,grado_I,degree,0.0,1390.0,1390.0,0.0,810.8852459016393,0.3426176978062608
57,grado_II,degree,0.0,1548.0,1548.0,0.0,911.1147540983607,0.38156273108208033
57,grado_III,degree,0.0,1119.0,1119.0,0.0,660.1147540983607,0.27581957111165883
57,teleasistencia,benefit,0.0,882.0,882.0,0.0,466.6885245901639,0.30936513504033675
57,ayuda_domicilio,benefit,0.0,618.0,618.0,0.0,310.04918032786884,0.21676604700105226
57,atencion_residencial,benefit,0.0,303.0,303.0,0.0,147.68852459016392,0.10627849877236058
57,cuidados_familiares,benefit,0.0,1048.0,1048.0,0.0,552.1475409836065,0.36759031918625046
58,sistema,system,6387.0,6387.0,6387.0,6387.0,6387.0,1.0
58,vulnerables,population,6387.0,6387.0,6387.0,6387.0,6387.0,1.0
58,no_solicitantes,administrative_state,6387.0,889.0,6387.0,889.0,2828.032786885246,0.13918897761077187
58,pendiente_grado,administrative_state,0.0,195.0,809.0,0.0,482.95081967213116,0.030530765617660875
58,sin_grado,administrative_state,0.0,817.0,817.0,0.0,477.72131147540983,0.12791607953655865
58,con_derecho,administrative_state,0.0,165.0,502.0,0.0,308.73770491803276,0.025833724753405354
58,con_pia,administrative_state,0.0,28.0,126.0,0.0,70.8360655737705,0.004383904806638484
58,prestacion_efectiva,administrative_state,0.0,3144.0,3144.0,0.0,1629.688524590164,0.4922498825739784
58,lista_espera,administrative_state,0.0,1149.0,1149.0,0.0,589.0327868852459,0.17989666510098637
58,grado_I,degree,0.0,1578.0,1578.0,0.0,925.311475409836,0.3517610343290236
58,grado_II,degree,0.0,1746.0,1746.0,0.0,996.360655737705,0.38921087828800716
58,grado_III,degree,0.0,1162.0,1162.0,0.0,676.6229508196722,0.25902808738296923
58,teleasistencia,benefit,0.0,859.0,859.0,0.0,448.2295081967213,0.2732188295165394
58,ayuda_domicilio,benefit,0.0,672.0,672.0,0.0,339.26229508196724,0.21374045801526717
58,atencion_residencial,benefit,0.0,336.0,336.0,0.0,175.34426229508196,0.10687022900763359
58,cuidados_familiares,benefit,0.0,1277.0,1277.0,0.0,666.8524590163935,0.4061704834605598
59,sistema,system,6387.0,6387.0,6387.0,6387.0,6387.0,1.0
59,vulnerables,population,6387.0,6387.0,6387.0,6387.0,6387.0,1.0
59,no_solicitantes,administrative_state,6387.0,724.0,6387.0,724.0,2612.0,0.11335525285736653
59,pendiente_grado,administrative_state,0.0,195.0,949.0,0.0,532.7049180327868,0.030530765617660875
59,sin_grado,administrative_state,0.0,682.0,682.0,0.0,410.5409836065574,0.10677939564740879
59,con_derecho,administrative_state,0.0,114.0,561.0,0.0,320.26229508196724,0.017848755284170972
59,con_pia,administrative_state,0.0,30.0,144.0,0.0,76.59016393442623,0.004697040864255519
59,prestacion_efectiva,administrative_state,0.0,3184.0,3184.0,0.0,1653.704918032787,0.49851260372631906
59,lista_espera,administrative_state,0.0,1458.0,1458.0,0.0,781.1967213114754,0.22827618600281824
59,grado_I,degree,0.0,1829.0,1829.0,0.0,1087.360655737705,0.3821562891767656
59,grado_II,degree,0.0,1709.0,1709.0,0.0,1000.9016393442623,0.3570831592143753
59,grado_III,degree,0.0,1248.0,1248.0,0.0,743.4918032786885,0.2607605516088592
59,teleasistencia,benefit,0.0,899.0,899.0,0.0,466.1639344262295,0.28234924623115576
59,ayuda_domicilio,benefit,0.0,690.0,690.0,0.0,354.0983606557377,0.21670854271356785
59,atencion_residencial,benefit,0.0,296.0,296.0,0.0,157.34426229508196,0.09296482412060302
59,cuidados_familiares,benefit,0.0,1299.0,1299.0,0.0,676.0983606557377,0.4079773869346734
60,sistema,system,6387.0,6387.0,6387.0,6387.0,6387.0,1.0
60,vulnerables,population,6387.0,6387.0,6387.0,6387.0,6387.0,1.0
60,no_solicitantes,administrative_state,6387.0,852.0,6387.0,852.0,2779.4262295081967,0.13339596054485675
60,pendiente_grado,administrative_state,0.0,183.0,807.0,0.0,481.1475409836066,0.028651949271958667
60,sin_grado,administrative_state,0.0,1359.0,1359.0,0.0,787.7868852459017,0.21277595115077502
60,con_derecho,administrative_state,0.0,139.0,487.0,0.0,281.88524590163934,0.021762956004383906
60,con_pia,administrative_state,0.0,32.0,124.0,0.0,63.18032786885246,0.005010176921872554
60,prestacion_efectiva,administrative_state,0.0,2695.0,2695.0,0.0,1410.4262295081967,0.42195083763895413
60,lista_espera,administrative_state,0.0,1127.0,1127.0,0.0,583.1475409836065,0.176452168467199
60,grado_I,degree,0.0,1365.0,1365.0,0.0,810.344262295082,0.3418482344102179
60,grado_II,degree,0.0,1568.0,1568.0,0.0,917.2950819672132,0.39268720260455797
60,grado_III,degree,0.0,1060.0,1060.0,0.0,611.0,0.26546456298522414
60,teleasistencia,benefit,0.0,778.0,778.0,0.0,404.4590163934426,0.288682745825603
60,ayuda_domicilio,benefit,0.0,571.0,571.0,0.0,293.7049180327869,0.21187384044526902
60,atencion_residencial,benefit,0.0,301.0,301.0,0.0,158.65573770491804,0.11168831168831168
60,cuidados_familiares,benefit,0.0,1045.0,1045.0,0.0,553.6065573770492,0.3877551020408163
61,sistema,system,6387.0,6387.0,6387.0,6387.0,6387.0,1.0
61,vulnerables,population,6387.0,6387.0,6387.0,6387.0,6387.0,1.0
61,no_solicitantes,administrative_state,6387.0,585.0,6387.0,585.0,2482.3278688524592,0.09159229685298262
61,pendiente_grado,administrative_state,0.0,189.0,961.0,0.0,505.4918032786885,0.02959135744480977
61,sin_grado,administrative_state,0.0,947.0,947.0,0.0,572.9508196721312,0.14826992328166588
61,con_derecho,administrative_state,0.0,127.0,609.0,0.0,329.0,0.019884139658681698
61,con_pia,administrative_state,0.0,47.0,141.0,0.0,74.40983606557377,0.007358697354000313
61,prestacion_efectiva,administrative_state,0.0,2979.0,2979.0,0.0,1618.639344262295,0.46641615782057305
61,lista_espera,administrative_state,0.0,1513.0,1513.0,0.0,804.1803278688525,0.23688742758728668
61,grado_I,degree,0.0,1630.0,1630.0,0.0,989.7868852459017,0.3493356193741963
61,grado_II,degree,0.0,1868.0,1868.0,0.0,1134.0819672131147,0.40034290612944706
61,grado_III,degree,0.0,1168.0,1168.0,0.0,702.360655737705,0.2503214744963566
61,teleasistencia,benefit,0.0,898.0,898.0,0.0,473.2295081967213,0.30144343739509905
61,ayuda_domicilio,benefit,0.0,712.0,712.0,0.0,397.4590163934426,0.23900637797918764
61,atencion_residencial,benefit,0.0,395.0,395.0,0.0,213.81967213114754,0.13259483048002685
61,cuidados_familiares,benefit,0.0,974.0,974.0,0.0,534.1311475409836,0.3269553541456865
62,sistema,system,6387.0,6387.0,6387.0,6387.0,6387.0,1.0
62,vulnerables,population,6387.0,6387.0,6387.0,6387.0,6387.0,1.0
62,no_solicitantes,administrative_state,6387.0,597.0,6387.0,597.0,2479.5409836065573,0.09347111319868483
62,pendiente_grado,administrative_state,0.0,139.0,890.0,0.0,483.73770491803276,0.021762956004383906
62,sin_grado,administrative_state,0.0,930.0,930.0,0.0,556.5081967213115,0.1456082667919211
62,con_derecho,administrative_state,0.0,142.0,636.0,0.0,369.21311475409834,0.022232660090809455
62,con_pia,administrative_state,0.0,25.0,137.0,0.0,75.06557377049181,0.003914200720212932
62,prestacion_efectiva,administrative_state,0.0,3071.0,3071.0,0.0,1637.27868852459,0.48082041647095664
62,lista_espera,administrative_state,0.0,1483.0,1483.0,0.0,785.655737704918,0.23219038672303116
62,grado_I,degree,0.0,1741.0,1741.0,0.0,1058.967213114754,0.3687778013132811
62,grado_II,degree,0.0,1831.0,1831.0,0.0,1121.7377049180327,0.38784155899173905
62,grado_III,degree,0.0,1149.0,1149.0,0.0,686.5081967213115,0.2433806396949799
62,teleasistencia,benefit,0.0,872.0,872.0,0.0,461.8032786885246,0.28394659719960924
62,ayuda_domicilio,benefit,0.0,666.0,666.0,0.0,352.6885245901639,0.21686746987951808
62,atencion_residencial,benefit,0.0,331.0,331.0,0.0,186.47540983606558,0.10778248127645718
62,cuidados_familiares,benefit,0.0,1202.0,1202.0,0.0,636.311475409836,0.3914034516444155
63,sistema,system,6387.0,6387.0,6387.0,6387.0,6387.0,1.0
63,vulnerables,population,6387.0,6387.0,6387.0,6387.0,6387.0,1.0
63,no_solicitantes,administrative_state,6387.0,610.0,6387.0,610.0,2494.4590163934427,0.09550649757319556
63,pendiente_grado,administrative_state,0.0,163.0,951.0,0.0,529.983606557377,0.02552058869578832
63,sin_grado,administrative_state,0.0,846.0,846.0,0.0,521.9672131147541,0.13245655237200563
63,con_derecho,administrative_state,0.0,131.0,540.0,0.0,316.95081967213116,0.020510411773915768
63,con_pia,administrative_state,0.0,35.0,136.0,0.0,76.01639344262296,0.005479881008298106
63,prestacion_efectiva,administrative_state,0.0,3111.0,3111.0,0.0,1651.1803278688524,0.4870831376232973
63,lista_espera,administrative_state,0.0,1491.0,1491.0,0.0,796.4426229508197,0.2334429309534993
63,grado_I,degree,0.0,1856.0,1856.0,0.0,1097.4426229508197,0.38926174496644295
63,grado_II,degree,0.0,1767.0,1767.0,0.0,1064.0,0.37059563758389263
63,grado_III,degree,0.0,1145.0,1145.0,0.0,679.1475409836065,0.24014261744966442
63,teleasistencia,benefit,0.0,937.0,937.0,0.0,489.62295081967216,0.30118932819029254
63,ayuda_domicilio,benefit,0.0,679.0,679.0,0.0,359.8196721311475,0.2182577949212472
63,atencion_residencial,benefit,0.0,297.0,297.0,0.0,158.65573770491804,0.09546769527483125
63,cuidados_familiares,benefit,0.0,1198.0,1198.0,0.0,643.0819672131148,0.38508518161362904
64,sistema,system,6387.0,6387.0,6387.0,6387.0,6387.0,1.0
64,vulnerables,population,6387.0,6387.0,6387.0,6387.0,6387.0,1.0
64,no_solicitantes,administrative_state,6387.0,692.0,6387.0,692.0,2586.5245901639346,0.10834507593549397
64,pendiente_grado,administrative_state,0.0,154.0,854.0,0.0,459.11475409836066,0.024111476436511663
64,sin_grado,administrative_state,0.0,1537.0,1537.0,0.0,918.2950819672132,0.2406450602786911
64,con_derecho,administrative_state,0.0,124.0,464.0,0.0,259.9836065573771,0.019414435572256146
64,con_pia,administrative_state,0.0,31.0,131.0,0.0,63.60655737704918,0.0048536088930640365
64,prestacion_efectiva,administrative_state,0.0,2821.0,2821.0,0.0,1534.5737704918033,0.4416784092688273
64,lista_espera,administrative_state,0.0,1028.0,1028.0,0.0,564.9016393442623,0.16095193361515578
64,grado_I,degree,0.0,1285.0,1285.0,0.0,782.6229508196722,0.3209290709290709
64,grado_II,degree,0.0,1593.0,1593.0,0.0,968.9344262295082,0.39785214785214784
64,grado_III,degree,0.0,1126.0,1126.0,0.0,671.5081967213115,0.28121878121878124
64,teleasistencia,benefit,0.0,849.0,849.0,0.0,467.91803278688525,0.30095710740872034
64,ayuda_domicilio,benefit,0.0,615.0,615.0,0.0,342.59016393442624,0.21800779865295994
64,atencion_residencial,benefit,0.0,287.0,287.0,0.0,145.52459016393442,0.10173697270471464
64,cuidados_familiares,benefit,0.0,1070.0,1070.0,0.0,578.5409836065573,0.3792981212336051
65,sistema,system,6387.0,6387.0,6387.0,6387.0,6387.0,1.0
65,vulnerables,population,6387.0,6387.0,6387.0,6387.0,6387.0,1.0
65,no_solicitantes,administrative_state,6387.0,833.0,6387.0,833.0,2725.6721311475408,0.13042116799749492
65,pendiente_grado,administrative_state,0.0,180.0,863.0,0.0,486.9836065573771,0.028182245185533115
65,sin_grado,administrative_state,0.0,613.0,613.0,0.0,366.7049180327869,0.0959762016596211
65,con_derecho,administrative_state,0.0,141.0,595.0,0.0,342.60655737704917,0.02207609206200094
65,con_pia,administrative_state,0.0,31.0,144.0,0.0,75.73770491803279,0.0048536088930640365
65,prestacion_efectiva,administrative_state,0.0,3244.0,3244.0,0.0,1681.4754098360656,0.5079066854548301
65,lista_espera,administrative_state,0.0,1345.0,1345.0,0.0,707.8196721311475,0.21058399874745576
65,grado_I,degree,0.0,1680.0,1680.0,0.0,987.8688524590164,0.35286704473850034
65,grado_II,degree,0.0,1653.0,1653.0,0.0,979.1967213114754,0.34719596723377444
65,grado_III,degree,0.0,1428.0,1428.0,0.0,840.5737704918033,0.2999369880277253
65,teleasistencia,benefit,0.0,1005.0,1005.0,0.0,523.2786885245902,0.3098027127003699
65,ayuda_domicilio,benefit,0.0,652.0,652.0,0.0,340.8032786885246,0.20098643649815043
65,atencion_residencial,benefit,0.0,341.0,341.0,0.0,168.9016393442623,0.10511713933415537
65,cuidados_familiares,benefit,0.0,1246.0,1246.0,0.0,648.4918032786885,0.3840937114673243
66,sistema,system,6387.0,6387.0,6387.0,6387.0,6387.0,1.0
66,vulnerables,population,6387.0,6387.0,6387.0,6387.0,6387.0,1.0
66,no_solicitantes,administrative_state,6387.0,855.0,6387.0,855.0,2759.3278688524592,0.1338656646312823
66,pendiente_grado,administrative_state,0.0,169.0,845.0,0.0,463.2295081967213,0.026459996868639424
66,sin_grado,administrative_state,0.0,682.0,682.0,0.0,396.04918032786884,0.10677939564740879
66,con_derecho,administrative_state,0.0,157.0,601.0,0.0,345.6393442622951,0.024581180522937215
66,con_pia,administrative_state,0.0,42.0,149.0,0.0,74.1639344262295,0.006575857209957727
66,prestacion_efectiva,administrative_state,0.0,2975.0,2975.0,0.0,1564.8360655737704,0.46578988570533897
66,lista_espera,administrative_state,0.0,1507.0,1507.0,0.0,783.7540983606557,0.23594801941443558
66,grado_I,degree,0.0,1742.0,1742.0,0.0,1034.2131147540983,0.3721427045503098
66,grado_II,degree,0.0,1720.0,1720.0,0.0,1010.7213114754098,0.3674428540910062
66,grado_III,degree,0.0,1219.0,1219.0,0.0,723.4590163934427,0.260414441358684
66,teleasistencia,benefit,0.0,887.0,887.0,0.0,473.27868852459017,0.29815126050420165
66,ayuda_domicilio,benefit,0.0,646.0,646.0,0.0,340.4590163934426,0.21714285714285714
66,atencion_residencial,benefit,0.0,344.0,344.0,0.0,181.0655737704918,0.11563025210084034
66,cuidados_familiares,benefit,0.0,1098.0,1098.0,0.0,570.0327868852459,0.36907563025210083
67,sistema,system,6387.0,6387.0,6387.0,6387.0,6387.0,1.0
67,vulnerables,population,6387.0,6387.0,6387.0,6387.0,6387.0,1.0
67,no_solicitantes,administrative_state,6387.0,838.0,6387.0,838.0,2743.5081967213114,0.1312040081415375
67,pendiente_grado,administrative_state,0.0,225.0,885.0,0.0,496.1803278688525,0.035227806481916396
67,sin_grado,administrative_state,0.0,1019.0,1019.0,0.0,603.9016393442623,0.15954282135587913
67,con_derecho,administrative_state,0.0,158.0,601.0,0.0,333.327868852459,0.024737748551745733
67,con_pia,administrative_state,0.0,38.0,125.0,0.0,67.98360655737704,0.005949585094723657
67,prestacion_efectiva,administrative_state,0.0,2907.0,2907.0,0.0,1517.311475409836,0.4551432597463598
67,lista_espera,administrative_state,0.0,1202.0,1202.0,0.0,624.7868852459017,0.1881947706278378
67,grado_I,degree,0.0,1591.0,1591.0,0.0,939.1311475409836,0.36957026713124275
67,grado_II,degree,0.0,1610.0,1610.0,0.0,947.2295081967213,0.37398373983739835
67,grado_III,degree,0.0,1104.0,1104.0,0.0,657.0491803278688,0.2564459930313589
67,teleasistencia,benefit,0.0,953.0,953.0,0.0,496.5245901639344,0.3278293773649811
67,ayuda_domicilio,benefit,0.0,584.0,584.0,0.0,301.0655737704918,0.20089439284485724
67,atencion_residencial,benefit,0.0,269.0,269.0,0.0,146.9672131147541,0.09253525971792226
67,cuidados_familiares,benefit,0.0,1101.0,1101.0,0.0,572.7540983606557,0.37874097007223945
68,sistema,system,6387.0,6387.0,6387.0,6387.0,6387.0,1.0
68,vulnerables,population,6387.0,6387.0,6387.0,6387.0,6387.0,1.0
68,no_solicitantes,administrative_state,6387.0,605.0,6387.0,605.0,2449.27868852459,0.09472365742915297
68,pendiente_grado,administrative_state,0.0,187.0,1006.0,0.0,528.0491803278688,0.029278221387192736
68,sin_grado,administrative_state,0.0,837.0,837.0,0.0,503.6885245901639,0.13104744011272898
68,con_derecho,administrative_state,0.0,133.0,662.0,0.0,371.5081967213115,0.020823547831532802
68,con_pia,administrative_state,0.0,38.0,143.0,0.0,75.81967213114754,0.005949585094723657
68,prestacion_efectiva,administrative_state,0.0,3186.0,3186.0,0.0,1705.950819672131,0.49882573978393613
68,lista_espera,administrative_state,0.0,1401.0,1401.0,0.0,752.7049180327868,0.21935180836073273
68,grado_I,degree,0.0,1657.0,1657.0,0.0,1010.0491803278688,0.34825556956704495
68,grado_II,degree,0.0,1845.0,1845.0,0.0,1130.688524590164,0.38776796973518285
68,grado_III,degree,0.0,1256.0,1256.0,0.0,765.2459016393443,0.2639764606977722
68,teleasistencia,benefit,0.0,965.0,965.0,0.0,513.983606557377,0.30288763339610797
68,ayuda_domicilio,benefit,0.0,641.0,641.0,0.0,334.8688524590164,0.20119271814187067
68,atencion_residencial,benefit,0.0,296.0,296.0,0.0,162.45901639344262,0.09290646578782172
68,cuidados_familiares,benefit,0.0,1284.0,1284.0,0.0,694.639344262295,0.4030131826741996
69,sistema,system,6387.0,6387.0,6387.0,6387.0,6387.0,1.0
69,vulnerables,population,6387.0,6387.0,6387.0,6387.0,6387.0,1.0
69,no_solicitantes,administrative_state,6387.0,671.0,6387.0,671.0,2526.1475409836066,0.1050571473305151
69,pendiente_grado,administrative_state,0.0,200.0,989.0,0.0,540.5081967213115,0.03131360576170346
69,sin_grado,administrative_state,0.0,696.0,696.0,0.0,425.42622950819674,0.10897134805072804
69,con_derecho,administrative_state,0.0,139.0,577.0,0.0,353.0327868852459,0.021762956004383906
69,con_pia,administrative_state,0.0,40.0,150.0,0.0,76.73770491803279,0.006262721152340692
69,prestacion_efectiva,administrative_state,0.0,3207.0,3207.0,0.0,1705.2459016393443,0.502113668388915
69,lista_espera,administrative_state,0.0,1434.0,1434.0,0.0,759.9016393442623,0.22451855331141382
69,grado_I,degree,0.0,1852.0,1852.0,0.0,1118.983606557377,0.38423236514522824
69,grado_II,degree,0.0,1707.0,1707.0,0.0,1020.2131147540983,0.354149377593361
69,grado_III,degree,0.0,1261.0,1261.0,0.0,755.7213114754098,0.2616182572614108
69,teleasistencia,benefit,0.0,997.0,997.0,0.0,523.4098360655738,0.31088244465232306
69,ayuda_domicilio,benefit,0.0,665.0,665.0,0.0,357.344262295082,0.20735890240099783
69,atencion_residencial,benefit,0.0,377.0,377.0,0.0,195.9016393442623,0.11755534767695666
69,cuidados_familiares,benefit,0.0,1168.0,1168.0,0.0,628.5901639344262,0.3642033052697225
70,sistema,system,6387.0,6387.0,6387.0,6387.0,6387.0,1.0
70,vulnerables,population,6387.0,6387.0,6387.0,6387.0,6387.0,1.0
70,no_solicitantes,administrative_state,6387.0,741.0,6387.0,741.0,2638.9836065573772,0.11601690934711131
70,pendiente_grado,administrative_state,0.0,167.0,856.0,0.0,490.6393442622951,0.02614686081102239
70,sin_grado,administrative_state,0.0,1002.0,1002.0,0.0,589.1147540983607,0.15688116486613435
70,con_derecho,administrative_state,0.0,140.0,531.0,0.0,309.95081967213116,0.021919524033192424
70,con_pia,administrative_state,0.0,22.0,129.0,0.0,71.09836065573771,0.0034444966337873807
70,prestacion_efectiva,administrative_state,0.0,3288.0,3288.0,0.0,1742.7540983606557,0.5147956787224048
70,lista_espera,administrative_state,0.0,1027.0,1027.0,0.0,544.4590163934427,0.16079536558634727
70,grado_I,degree,0.0,1719.0,1719.0,0.0,1017.016393442623,0.38396247487156576
70,grado_II,degree,0.0,1638.0,1638.0,0.0,979.5573770491803,0.3658700022336386
70,grado_III,degree,0.0,1120.0,1120.0,0.0,671.688524590164,0.2501675228947956
70,teleasistencia,benefit,0.0,986.0,986.0,0.0,523.5737704918033,0.29987834549878345
70,ayuda_domicilio,benefit,0.0,664.0,664.0,0.0,348.2295081967213,0.20194647201946472
70,atencion_residencial,benefit,0.0,381.0,381.0,0.0,204.40983606557376,0.11587591240875912
70,cuidados_familiares,benefit,0.0,1257.0,1257.0,0.0,666.5409836065573,0.3822992700729927
71,sistema,system,6387.0,6387.0,6387.0,6387.0,6387.0,1.0
71,vulnerables,population,6387.0,6387.0,6387.0,6387.0,6387.0,1.0
71,no_solicitantes,administrative_state,6387.0,915.0,6387.0,915.0,2845.6721311475408,0.14325974635979333
71,pendiente_grado,administrative_state,0.0,197.0,773.0,0.0,454.9344262295082,0.03084390167527791
71,sin_grado,administrative_state,0.0,867.0,867.0,0.0,513.0,0.1357444809769845
71,con_derecho,administrative_state,0.0,174.0,556.0,0.0,353.9016393442623,0.02724283701268201
71,con_pia,administrative_state,0.0,35.0,135.0,0.0,69.40983606557377,0.005479881008298106
71,prestacion_efectiva,administrative_state,0.0,2956.0,2956.0,0.0,1507.639344262295,0.46281509315797714
71,lista_espera,administrative_state,0.0,1243.0,1243.0,0.0,642.4426229508197,0.194614059808987
71,grado_I,degree,0.0,1411.0,1411.0,0.0,834.1475409836065,0.32009981851179675
71,grado_II,degree,0.0,1726.0,1726.0,0.0,995.2786885245902,0.3915607985480944
71,grado_III,degree,0.0,1271.0,1271.0,0.0,743.9672131147541,0.2883393829401089
71,teleasistencia,benefit,0.0,859.0,859.0,0.0,438.655737704918,0.290595399188092
71,ayuda_domicilio,benefit,0.0,666.0,666.0,0.0,345.9836065573771,0.2253044654939107
71,atencion_residencial,benefit,0.0,354.0,354.0,0.0,177.47540983606558,0.11975642760487144
71,cuidados_familiares,benefit,0.0,1077.0,1077.0,0.0,545.5245901639345,0.36434370771312585
72,sistema,system,6387.0,6387.0,6387.0,6387.0,6387.0,1.0
72,vulnerables,population,6387.0,6387.0,6387.0,6387.0,6387.0,1.0
72,no_solicitantes,administrative_state,6387.0,851.0,6387.0,851.0,2767.4918032786886,0.13323939251604822
72,pendiente_grado,administrative_state,0.0,198.0,883.0,0.0,523.1639344262295,0.031000469704086424
72,sin_grado,administrative_state,0.0,877.0,877.0,0.0,516.1475409836065,0.13731016126506967
72,con_derecho,administrative_state,0.0,172.0,569.0,0.0,338.9672131147541,0.026929700955064976
72,con_pia,administrative_state,0.0,40.0,133.0,0.0,70.31147540983606,0.006262721152340692
72,prestacion_efectiva,administrative_state,0.0,2972.0,2972.0,0.0,1524.2131147540983,0.4653201816189134
72,lista_espera,administrative_state,0.0,1277.0,1277.0,0.0,646.7049180327868,0.1999373727884766
72,grado_I,degree,0.0,1486.0,1486.0,0.0,877.7377049180328,0.33310916834790405
72,grado_II,degree,0.0,1789.0,1789.0,0.0,1014.7377049180328,0.4010311589329747
72,grado_III,degree,0.0,1186.0,1186.0,0.0,687.7213114754098,0.26585967271912125
72,teleasistencia,benefit,0.0,866.0,866.0,0.0,444.5081967213115,0.2913862718707941
72,ayuda_domicilio,benefit,0.0,548.0,548.0,0.0,282.37704918032784,0.18438761776581428
72,atencion_residencial,benefit,0.0,352.0,352.0,0.0,179.14754098360655,0.11843876177658143
72,cuidados_familiares,benefit,0.0,1206.0,1206.0,0.0,618.1803278688525,0.4057873485868102
73,sistema,system,6387.0,6387.0,6387.0,6387.0,6387.0,1.0
73,vulnerables,population,6387.0,6387.0,6387.0,6387.0,6387.0,1.0
73,no_solicitantes,administrative_state,6387.0,621.0,6387.0,621.0,2482.590163934426,0.09722874589008924
73,pendiente_grado,administrative_state,0.0,179.0,997.0,0.0,553.2131147540983,0.028025677156724597
73,sin_grado,administrative_state,0.0,1450.0,1450.0,0.0,864.0327868852459,0.2270236417723501
73,con_derecho,administrative_state,0.0,150.0,554.0,0.0,320.0983606557377,0.023485204321277594
73,con_pia,administrative_state,0.0,24.0,131.0,0.0,65.36065573770492,0.0037576326914044154
73,prestacion_efectiva,administrative_state,0.0,2898.0,2898.0,0.0,1540.344262295082,0.45373414748708313
73,lista_espera,administrative_state,0.0,1065.0,1065.0,0.0,561.360655737705,0.16674495068107092
73,grado_I,degree,0.0,1505.0,1505.0,0.0,904.2786885245902,0.3637901861252115
73,grado_II,degree,0.0,1598.0,1598.0,0.0,963.5901639344262,0.38627024413826444
73,grado_III,degree,0.0,1034.0,1034.0,0.0,619.2950819672132,0.24993956973652406
73,teleasistencia,benefit,0.0,924.0,924.0,0.0,496.3114754098361,0.3188405797101449
73,ayuda_domicilio,benefit,0.0,631.0,631.0,0.0,333.9344262295082,0.21773636991028295
73,atencion_residencial,benefit,0.0,305.0,305.0,0.0,160.95081967213116,0.10524499654934437
73,cuidados_familiares,benefit,0.0,1038.0,1038.0,0.0,549.1475409836065,0.3581780538302277
74,sistema,system,6387.0,6387.0,6387.0,6387.0,6387.0,1.0
74,vulnerables,population,6387.0,6387.0,6387.0,6387.0,6387.0,1.0
74,no_solicitantes,administrative_state,6387.0,658.0,6387.0,658.0,2566.3934426229507,0.10302176295600439
74,pendiente_grado,administrative_state,0.0,177.0,891.0,0.0,507.1639344262295,0.027712541099107563
74,sin_grado,administrative_state,0.0,932.0,932.0,0.0,570.4590163934427,0.1459214028495381
74,con_derecho,administrative_state,0.0,170.0,626.0,0.0,367.73770491803276,0.02661656489744794
74,con_pia,administrative_state,0.0,38.0,146.0,0.0,72.95081967213115,0.005949585094723657
74,prestacion_efectiva,administrative_state,0.0,3162.0,3162.0,0.0,1649.7540983606557,0.4950681070925317
74,lista_espera,administrative_state,0.0,1250.0,1250.0,0.0,652.5409836065573,0.19571003601064663
74,grado_I,degree,0.0,1741.0,1741.0,0.0,1041.639344262295,0.37683982683982686
74,grado_II,degree,0.0,1681.0,1681.0,0.0,992.2295081967213,0.36385281385281387
74,grado_III,degree,0.0,1198.0,1198.0,0.0,709.1147540983607,0.2593073593073593
74,teleasistencia,benefit,0.0,878.0,878.0,0.0,457.9672131147541,0.27767235926628714
74,ayuda_domicilio,benefit,0.0,672.0,672.0,0.0,345.6393442622951,0.2125237191650854
74,atencion_residencial,benefit,0.0,347.0,347.0,0.0,190.11475409836066,0.10974067046173308
74,cuidados_familiares,benefit,0.0,1265.0,1265.0,0.0,656.0327868852459,0.4000632511068944
75,sistema,system,6387.0,6387.0,6387.0,6387.0,6387.0,1.0
75,vulnerables,population,6387.0,6387.0,6387.0,6387.0,6387.0,1.0
75,no_solicitantes,administrative_state,6387.0,822.0,6387.0,822.0,2741.098360655738,0.1286989196806012
75,pendiente_grado,administrative_state,0.0,226.0,915.0,0.0,540.0327868852459,0.03538437451072491
75,sin_grado,administrative_state,0.0,1179.0,1179.0,0.0,675.983606557377,0.1845937059652419
75,con_derecho,administrative_state,0.0,143.0,515.0,0.0,321.8032786885246,0.022389228119617972
75,con_pia,administrative_state,0.0,35.0,130.0,0.0,65.85245901639344,0.005479881008298106
75,prestacion_efectiva,administrative_state,0.0,2683.0,2683.0,0.0,1380.0,0.42007202129325194
75,lista_espera,administrative_state,0.0,1299.0,1299.0,0.0,662.2295081967213,0.20338186942226397
75,grado_I,degree,0.0,1428.0,1428.0,0.0,838.7049180327868,0.34326923076923077
75,grado_II,degree,0.0,1610.0,1610.0,0.0,936.7540983606557,0.3870192307692308
75,grado_III,degree,0.0,1122.0,1122.0,0.0,654.4262295081967,0.26971153846153845
75,teleasistencia,benefit,0.0,791.0,791.0,0.0,408.1639344262295,0.29481923220275813
75,ayuda_domicilio,benefit,0.0,607.0,607.0,0.0,306.5245901639344,0.2262392843831532
75,atencion_residencial,benefit,0.0,243.0,243.0,0.0,127.19672131147541,0.09057025717480433
75,cuidados_familiares,benefit,0.0,1042.0,1042.0,0.0,538.1147540983607,0.3883712262392844
76,sistema,system,6387.0,6387.0,6387.0,6387.0,6387.0,1.0
76,vulnerables,population,6387.0,6387.0,6387.0,6387.0,6387.0,1.0
76,no_solicitantes,administrative_state,6387.0,692.0,6387.0,692.0,2579.4754098360654,0.10834507593549397
76,pendiente_grado,administrative_state,0.0,159.0,959.0,0.0,545.2950819672132,0.02489431658055425
76,sin_grado,administrative_state,0.0,1465.0,1465.0,0.0,874.2622950819672,0.22937216220447784
76,con_derecho,administrative_state,0.0,142.0,542.0,0.0,305.08196721311475,0.022232660090809455
76,con_pia,administrative_state,0.0,28.0,119.0,0.0,64.40983606557377,0.004383904806638484
76,prestacion_efectiva,administrative_state,0.0,2885.0,2885.0,0.0,1504.8852459016393,0.4516987631125724
76,lista_espera,administrative_state,0.0,1016.0,1016.0,0.0,513.5901639344262,0.15907311726945358
76,grado_I,degree,0.0,1383.0,1383.0,0.0,814.1803278688525,0.33971997052321296
76,grado_II,degree,0.0,1624.0,1624.0,0.0,957.9672131147541,0.39891918447555885
76,grado_III,degree,0.0,1064.0,1064.0,0.0,615.8196721311475,0.2613608450012282
76,teleasistencia,benefit,0.0,895.0,895.0,0.0,470.9344262295082,0.31022530329289427
76,ayuda_domicilio,benefit,0.0,630.0,630.0,0.0,331.21311475409834,0.21837088388214904
76,atencion_residencial,benefit,0.0,304.0,304.0,0.0,156.50819672131146,0.10537261698440208
76,cuidados_familiares,benefit,0.0,1056.0,1056.0,0.0,546.2295081967213,0.3660311958405546
77,sistema,system,6387.0,6387.0,6387.0,6387.0,6387.0,1.0
77,vulnerables,population,6387.0,6387.0,6387.0,6387.0,6387.0,1.0
77,no_solicitantes,administrative_state,6387.0,610.0,6387.0,610.0,2463.5245901639346,0.09550649757319556
77,pendiente_grado,administrative_state,0.0,161.0,988.0,0.0,540.4426229508197,0.025207452638171285
77,sin_grado,administrative_state,0.0,795.0,795.0,0.0,484.5245901639344,0.12447158290277126
77,con_derecho,administrative_state,0.0,135.0,632.0,0.0,350.04918032786884,0.021136683889149837
77,con_pia,administrative_state,0.0,27.0,155.0,0.0,76.81967213114754,0.004227336777829967
77,prestacion_efectiva,administrative_state,0.0,3580.0,3580.0,0.0,1888.0655737704917,0.560513543134492
77,lista_espera,administrative_state,0.0,1079.0,1079.0,0.0,583.5737704918033,0.16893690308439016
77,grado_I,degree,0.0,1836.0,1836.0,0.0,1095.8688524590164,0.3808338518979465
77,grado_II,degree,0.0,1820.0,1820.0,0.0,1088.704918032787,0.37751503837378136
77,grado_III,degree,0.0,1165.0,1165.0,0.0,713.9344262295082,0.24165110972827214
77,teleasistencia,benefit,0.0,1104.0,1104.0,0.0,589.0327868852459,0.30837988826815643
77,ayuda_domicilio,benefit,0.0,788.0,788.0,0.0,411.27868852459017,0.2201117318435754
77,atencion_residencial,benefit,0.0,429.0,429.0,0.0,222.52459016393442,0.11983240223463687
77,cuidados_familiares,benefit,0.0,1259.0,1259.0,0.0,665.2295081967213,0.3516759776536313
78,sistema,system,6387.0,6387.0,6387.0,6387.0,6387.0,1.0
78,vulnerables,population,6387.0,6387.0,6387.0,6387.0,6387.0,1.0
78,no_solicitantes,administrative_state,6387.0,699.0,6387.0,699.0,2584.1475409836066,0.10944105213715359
78,pendiente_grado,administrative_state,0.0,207.0,976.0,0.0,545.0327868852459,0.032409581963363084
78,sin_grado,administrative_state,0.0,686.0,686.0,0.0,409.2295081967213,0.10740566776264286
78,con_derecho,administrative_state,0.0,133.0,595.0,0.0,340.44262295081967,0.020823547831532802
78,con_pia,administrative_state,0.0,49.0,141.0,0.0,76.42622950819673,0.007671833411617348
78,prestacion_efectiva,administrative_state,0.0,3346.0,3346.0,0.0,1770.8688524590164,0.5238766243932989
78,lista_espera,administrative_state,0.0,1267.0,1267.0,0.0,660.8524590163935,0.1983716925003914
78,grado_I,degree,0.0,1875.0,1875.0,0.0,1105.1475409836066,0.3910323253388947
78,grado_II,degree,0.0,1597.0,1597.0,0.0,950.2622950819672,0.33305526590198126
78,grado_III,degree,0.0,1323.0,1323.0,0.0,793.1803278688525,0.2759124087591241
78,teleasistencia,benefit,0.0,1033.0,1033.0,0.0,548.1967213114754,0.30872683801554096
78,ayuda_domicilio,benefit,0.0,669.0,669.0,0.0,360.08196721311475,0.19994022713687987
78,atencion_residencial,benefit,0.0,324.0,324.0,0.0,171.327868852459,0.0968320382546324
78,cuidados_familiares,benefit,0.0,1320.0,1320.0,0.0,691.2622950819672,0.3945008965929468
79,sistema,system,6387.0,6387.0,6387.0,6387.0,6387.0,1.0
79,vulnerables,population,6387.0,6387.0,6387.0,6387.0,6387.0,1.0
79,no_solicitantes,administrative_state,6387.0,896.0,6387.0,896.0,2820.3606557377047,0.1402849538124315
79,pendiente_grado,administrative_state,0.0,187.0,810.0,0.0,472.08196721311475,0.029278221387192736
79,sin_grado,administrative_state,0.0,1135.0,1135.0,0.0,648.5409836065573,0.17770471269766713
79,con_derecho,administrative_state,0.0,114.0,481.0,0.0,276.72131147540983,0.017848755284170972
79,con_pia,administrative_state,0.0,37.0,124.0,0.0,66.47540983606558,0.00579301706591514
79,prestacion_efectiva,administrative_state,0.0,2861.0,2861.0,0.0,1497.7377049180327,0.447941130421168
79,lista_espera,administrative_state,0.0,1157.0,1157.0,0.0,605.0819672131148,0.1811492093314545
79,grado_I,degree,0.0,1479.0,1479.0,0.0,880.5901639344262,0.3547613336531542
79,grado_II,degree,0.0,1647.0,1647.0,0.0,949.6065573770492,0.39505876709042936
79,grado_III,degree,0.0,1043.0,1043.0,0.0,615.8196721311475,0.2501798992564164
79,teleasistencia,benefit,0.0,901.0,901.0,0.0,476.91803278688525,0.3149248514505418
79,ayuda_domicilio,benefit,0.0,542.0,542.0,0.0,277.672131147541,0.1894442502621461
79,atencion_residencial,benefit,0.0,283.0,283.0,0.0,152.86885245901638,0.09891646277525341
79,cuidados_familiares,benefit,0.0,1135.0,1135.0,0.0,590.2786885245902,0.3967144355120587
80,sistema,system,6387.0,6387.0,6387.0,6387.0,6387.0,1.0
80,vulnerables,population,6387.0,6387.0,6387.0,6387.0,6387.0,1.0
80,no_solicitantes,administrative_state,6387.0,776.0,6387.0,776.0,2639.2295081967213,0.12149679035540943
80,pendiente_grado,administrative_state,0.0,173.0,862.0,0.0,488.4918032786885,0.027086268983873493
80,sin_grado,administrative_state,0.0,1236.0,1236.0,0.0,749.9180327868852,0.1935180836073274
80,con_derecho,administrative_state,0.0,126.0,503.0,0.0,280.44262295081967,0.01972757162987318
80,con_pia,administrative_state,0.0,33.0,130.0,0.0,66.81967213114754,0.005166744950681071
80,prestacion_efectiva,administrative_state,0.0,2894.0,2894.0,0.0,1543.655737704918,0.45310787537184904
80,lista_espera,administrative_state,0.0,1149.0,1149.0,0.0,618.4426229508197,0.17989666510098637
80,grado_I,degree,0.0,1563.0,1563.0,0.0,945.6065573770492,0.3719657306044741
80,grado_II,degree,0.0,1474.0,1474.0,0.0,881.3934426229508,0.3507853403141361
80,grado_III,degree,0.0,1165.0,1165.0,0.0,682.360655737705,0.2772489290813898
80,teleasistencia,benefit,0.0,953.0,953.0,0.0,497.8524590163934,0.32930200414651
80,ayuda_domicilio,benefit,0.0,608.0,608.0,0.0,331.6393442622951,0.2100898410504492
80,atencion_residencial,benefit,0.0,282.0,282.0,0.0,146.29508196721312,0.09744298548721493
80,cuidados_familiares,benefit,0.0,1051.0,1051.0,0.0,567.8688524590164,0.3631651693158258
81,sistema,system,6387.0,6387.0,6387.0,6387.0,6387.0,1.0
81,vulnerables,population,6387.0,6387.0,6387.0,6387.0,6387.0,1.0
81,no_solicitantes,administrative_state,6387.0,949.0,6387.0,949.0,2842.065573770492,0.14858305933928292
81,pendiente_grado,administrative_state,0.0,221.0,841.0,0.0,526.344262295082,0.03460153436668233
81,sin_grado,administrative_state,0.0,1113.0,1113.0,0.0,646.2786885245902,0.17426021606387976
81,con_derecho,administrative_state,0.0,156.0,534.0,0.0,314.91803278688525,0.024424612494128698
81,con_pia,administrative_state,0.0,33.0,124.0,0.0,64.72131147540983,0.005166744950681071
81,prestacion_efectiva,administrative_state,0.0,3005.0,3005.0,0.0,1519.983606557377,0.4704869265695945
81,lista_espera,administrative_state,0.0,910.0,910.0,0.0,472.6885245901639,0.14247690621575074
81,grado_I,degree,0.0,1427.0,1427.0,0.0,819.4098360655738,0.3477095516569201
81,grado_II,degree,0.0,1587.0,1587.0,0.0,913.016393442623,0.38669590643274854
81,grado_III,degree,0.0,1090.0,1090.0,0.0,639.8852459016393,0.2655945419103314
81,teleasistencia,benefit,0.0,970.0,970.0,0.0,489.88524590163934,0.3227953410981697
81,ayuda_domicilio,benefit,0.0,605.0,605.0,0.0,301.1803278688525,0.20133111480865223
81,atencion_residencial,benefit,0.0,320.0,320.0,0.0,165.68852459016392,0.1064891846921797
81,cuidados_familiares,benefit,0.0,1110.0,1110.0,0.0,563.2295081967213,0.36938435940099834
82,sistema,system,6387.0,6387.0,6387.0,6387.0,6387.0,1.0
82,vulnerables,population,6387.0,6387.0,6387.0,6387.0,6387.0,1.0
82,no_solicitantes,administrative_state,6387.0,644.0,6387.0,644.0,2501.1147540983607,0.10082981055268514
82,pendiente_grado,administrative_state,0.0,165.0,943.0,0.0,513.2131147540983,0.025833724753405354
82,sin_grado,administrative_state,0.0,1401.0,1401.0,0.0,838.8196721311475,0.21935180836073273
82,con_derecho,administrative_state,0.0,111.0,515.0,0.0,281.4590163934426,0.01737905119774542
82,con_pia,administrative_state,0.0,28.0,136.0,0.0,66.65573770491804,0.004383904806638484
82,prestacion_efectiva,administrative_state,0.0,2711.0,2711.0,0.0,1472.5245901639344,0.4244559260998904
82,lista_espera,administrative_state,0.0,1327.0,1327.0,0.0,713.2131147540983,0.20776577422890247
82,grado_I,degree,0.0,1644.0,1644.0,0.0,990.2131147540983,0.39358391189849173
82,grado_II,degree,0.0,1464.0,1464.0,0.0,897.639344262295,0.3504907828585109
82,grado_III,degree,0.0,1069.0,1069.0,0.0,646.0,0.2559253052429974
82,teleasistencia,benefit,0.0,894.0,894.0,0.0,473.44262295081967,0.3297676134267798
82,ayuda_domicilio,benefit,0.0,576.0,576.0,0.0,315.1311475409836,0.21246772408705275
82,atencion_residencial,benefit,0.0,269.0,269.0,0.0,148.8360655737705,0.09922537808926596
82,cuidados_familiares,benefit,0.0,972.0,972.0,0.0,535.1147540983607,0.3585392843969015
83,sistema,system,6387.0,6387.0,6387.0,6387.0,6387.0,1.0
83,vulnerables,population,6387.0,6387.0,6387.0,6387.0,6387.0,1.0
83,no_solicitantes,administrative_state,6387.0,622.0,6387.0,622.0,2506.6393442622953,0.09738531391889776
83,pendiente_grado,administrative_state,0.0,199.0,995.0,0.0,545.016393442623,0.03115703773289494
83,sin_grado,administrative_state,0.0,838.0,838.0,0.0,499.0655737704918,0.1312040081415375
83,con_derecho,administrative_state,0.0,148.0,648.0,0.0,360.21311475409834,0.02317206826366056
83,con_pia,administrative_state,0.0,37.0,140.0,0.0,75.08196721311475,0.00579301706591514
83,prestacion_efectiva,administrative_state,0.0,3340.0,3340.0,0.0,1759.049180327869,0.5229372162204478
83,lista_espera,administrative_state,0.0,1203.0,1203.0,0.0,641.9344262295082,0.1883513386566463
83,grado_I,degree,0.0,1603.0,1603.0,0.0,965.2295081967213,0.3390439932318105
83,grado_II,degree,0.0,1769.0,1769.0,0.0,1065.655737704918,0.37415397631133673
83,grado_III,degree,0.0,1356.0,1356.0,0.0,805.3934426229508,0.2868020304568528
83,teleasistencia,benefit,0.0,945.0,945.0,0.0,497.0655737704918,0.28293413173652693
83,ayuda_domicilio,benefit,0.0,745.0,745.0,0.0,396.08196721311475,0.22305389221556887
83,atencion_residencial,benefit,0.0,339.0,339.0,0.0,174.59016393442624,0.10149700598802396
83,cuidados_familiares,benefit,0.0,1311.0,1311.0,0.0,691.311475409836,0.39251497005988023
84,sistema,system,6387.0,6387.0,6387.0,6387.0,6387.0,1.0
84,vulnerables,population,6387.0,6387.0,6387.0,6387.0,6387.0,1.0
84,no_solicitantes,administrative_state,6387.0,763.0,6387.0,763.0,2676.1311475409834,0.1194614059808987
84,pendiente_grado,administrative_state,0.0,203.0,845.0,0.0,485.5409836065574,0.031783309848129014
84,sin_grado,administrative_state,0.0,1114.0,1114.0,0.0,668.5409836065573,0.17441678409268827
84,con_derecho,administrative_state,0.0,164.0,503.0,0.0,304.9344262295082,0.025677156724596837
84,con_pia,administrative_state,0.0,36.0,128.0,0.0,67.91803278688525,0.0056364490371066224
84,prestacion_efectiva,administrative_state,0.0,2809.0,2809.0,0.0,1488.27868852459,0.4397995929231251
84,lista_espera,administrative_state,0.0,1298.0,1298.0,0.0,695.655737704918,0.20322530139345546
84,grado_I,degree,0.0,1627.0,1627.0,0.0,973.672131147541,0.3777571395402833
84,grado_II,degree,0.0,1581.0,1581.0,0.0,930.1311475409836,0.3670768516368702
84,grado_III,degree,0.0,1099.0,1099.0,0.0,652.983606557377,0.2551660088228465
84,teleasistencia,benefit,0.0,866.0,866.0,0.0,457.655737704918,0.3082947668209327
84,ayuda_domicilio,benefit,0.0,534.0,534.0,0.0,286.1475409836066,0.19010323958704164
84,atencion_residencial,benefit,0.0,308.0,308.0,0.0,160.86885245901638,0.10964756140975436
84,cuidados_familiares,benefit,0.0,1101.0,1101.0,0.0,583.6065573770492,0.3919544321822713
85,sistema,system,6387.0,6387.0,6387.0,6387.0,6387.0,1.0
85,vulnerables,population,6387.0,6387.0,6387.0,6387.0,6387.0,1.0
85,no_solicitantes,administrative_state,6387.0,891.0,6387.0,891.0,2797.344262295082,0.1395021136683889
85,pendiente_grado,administrative_state,0.0,199.0,803.0,0.0,475.95081967213116,0.03115703773289494
85,sin_grado,administrative_state,0.0,1015.0,1015.0,0.0,598.7049180327868,0.15891654924064505
85,con_derecho,administrative_state,0.0,173.0,548.0,0.0,335.0,0.027086268983873493
85,con_pia,administrative_state,0.0,38.0,128.0,0.0,67.36065573770492,0.005949585094723657
85,prestacion_efectiva,administrative_state,0.0,2551.0,2551.0,0.0,1327.360655737705,0.39940504149052763
85,lista_espera,administrative_state,0.0,1520.0,1520.0,0.0,785.2786885245902,0.2379834037889463
85,grado_I,degree,0.0,1664.0,1664.0,0.0,989.9180327868852,0.3886034563288183
85,grado_II,degree,0.0,1494.0,1494.0,0.0,871.1147540983607,0.34890238206445584
85,grado_III,degree,0.0,1124.0,1124.0,0.0,653.9672131147541,0.26249416160672584
85,teleasistencia,benefit,0.0,791.0,791.0,0.0,419.1475409836066,0.31007448059584475
85,ayuda_domicilio,benefit,0.0,544.0,544.0,0.0,278.27868852459017,0.21324970599764798
85,atencion_residencial,benefit,0.0,255.0,255.0,0.0,131.5737704918033,0.0999607996863975
85,cuidados_familiares,benefit,0.0,961.0,961.0,0.0,498.3606557377049,0.37671501372010974
86,sistema,system,6387.0,6387.0,6387.0,6387.0,6387.0,1.0
86,vulnerables,population,6387.0,6387.0,6387.0,6387.0,6387.0,1.0
86,no_solicitantes,administrative_state,6387.0,636.0,6387.0,636.0,2486.311475409836,0.099577266322217
86,pendiente_grado,administrative_state,0.0,199.0,999.0,0.0,540.7377049180328,0.03115703773289494
86,sin_grado,administrative_state,0.0,1062.0,1062.0,0.0,652.0327868852459,0.16627524659464538
86,con_derecho,administrative_state,0.0,148.0,611.0,0.0,350.0655737704918,0.02317206826366056
86,con_pia,administrative_state,0.0,25.0,139.0,0.0,71.18032786885246,0.003914200720212932
86,prestacion_efectiva,administrative_state,0.0,2800.0,2800.0,0.0,1497.8688524590164,0.43839048066384845
86,lista_espera,administrative_state,0.0,1517.0,1517.0,0.0,788.8032786885246,0.23751369970252076
86,grado_I,degree,0.0,1548.0,1548.0,0.0,928.4426229508197,0.3447661469933185
86,grado_II,degree,0.0,1778.0,1778.0,0.0,1081.377049180328,0.3959910913140312
86,grado_III,degree,0.0,1164.0,1164.0,0.0,698.0983606557377,0.2592427616926503
86,teleasistencia,benefit,0.0,866.0,866.0,0.0,458.42622950819674,0.3092857142857143
86,ayuda_domicilio,benefit,0.0,621.0,621.0,0.0,332.8360655737705,0.22178571428571428
86,atencion_residencial,benefit,0.0,299.0,299.0,0.0,158.50819672131146,0.10678571428571429
86,cuidados_familiares,benefit,0.0,1014.0,1014.0,0.0,548.0983606557377,0.36214285714285716
87,sistema,system,6387.0,6387.0,6387.0,6387.0,6387.0,1.0
87,vulnerables,population,6387.0,6387.0,6387.0,6387.0,6387.0,1.0
87,no_solicitantes,administrative_state,6387.0,714.0,6387.0,714.0,2632.7049180327867,0.11178957256928135
87,pendiente_grado,administrative_state,0.0,176.0,853.0,0.0,472.59016393442624,0.027555973070299045
87,sin_grado,administrative_state,0.0,1338.0,1338.0,0.0,797.3770491803278,0.20948802254579615
87,con_derecho,administrative_state,0.0,111.0,504.0,0.0,282.21311475409834,0.01737905119774542
87,con_pia,administrative_state,0.0,31.0,139.0,0.0,66.36065573770492,0.0048536088930640365
87,prestacion_efectiva,administrative_state,0.0,3031.0,3031.0,0.0,1612.5901639344263,0.4745576953186159
87,lista_espera,administrative_state,0.0,986.0,986.0,0.0,523.1639344262295,0.15437607640519807
87,grado_I,degree,0.0,1608.0,1608.0,0.0,963.7377049180328,0.38663140177927385
87,grado_II,degree,0.0,1556.0,1556.0,0.0,942.8852459016393,0.3741283962490983
87,grado_III,degree,0.0,995.0,995.0,0.0,577.7049180327868,0.2392402019716278
87,teleasistencia,benefit,0.0,1055.0,1055.0,0.0,572.5409836065573,0.3480699439129
87,ayuda_domicilio,benefit,0.0,594.0,594.0,0.0,311.5245901639344,0.19597492576707357
87,atencion_residencial,benefit,0.0,330.0,330.0,0.0,175.4262295081967,0.10887495875948532
87,cuidados_familiares,benefit,0.0,1052.0,1052.0,0.0,553.0983606557377,0.34708017156054105
88,sistema,system,6387.0,6387.0,6387.0,6387.0,6387.0,1.0
88,vulnerables,population,6387.0,6387.0,6387.0,6387.0,6387.0,1.0
88,no_solicitantes,administrative_state,6387.0,765.0,6387.0,765.0,2679.8360655737706,0.11977454203851573
88,pendiente_grado,administrative_state,0.0,170.0,903.0,0.0,523.688524590164,0.02661656489744794
88,sin_grado,administrative_state,0.0,840.0,840.0,0.0,498.95081967213116,0.13151714419915453
88,con_derecho,administrative_state,0.0,147.0,531.0,0.0,310.1475409836066,0.023015500234852042
88,con_pia,administrative_state,0.0,38.0,141.0,0.0,73.19672131147541,0.005949585094723657
88,prestacion_efectiva,administrative_state,0.0,3189.0,3189.0,0.0,1657.049180327869,0.4992954438703617
88,lista_espera,administrative_state,0.0,1238.0,1238.0,0.0,644.1311475409836,0.19383121966494443
88,grado_I,degree,0.0,1611.0,1611.0,0.0,929.9344262295082,0.3493061578490893
88,grado_II,degree,0.0,1715.0,1715.0,0.0,986.9180327868852,0.37185602775368604
88,grado_III,degree,0.0,1286.0,1286.0,0.0,767.672131147541,0.2788378143972246
88,teleasistencia,benefit,0.0,1037.0,1037.0,0.0,532.5737704918033,0.32518030730636566
88,ayuda_domicilio,benefit,0.0,647.0,647.0,0.0,343.5409836065574,0.20288491690185012
88,atencion_residencial,benefit,0.0,340.0,340.0,0.0,172.37704918032787,0.1066164941988084
88,cuidados_familiares,benefit,0.0,1165.0,1165.0,0.0,608.5573770491803,0.36531828159297586
89,sistema,system,6387.0,6387.0,6387.0,6387.0,6387.0,1.0
89,vulnerables,population,6387.0,6387.0,6387.0,6387.0,6387.0,1.0
89,no_solicitantes,administrative_state,6387.0,818.0,6387.0,818.0,2700.5737704918033,0.12807264756536715
89,pendiente_grado,administrative_state,0.0,159.0,828.0,0.0,471.5245901639344,0.02489431658055425
89,sin_grado,administrative_state,0.0,1449.0,1449.0,0.0,869.5737704918033,0.22686707374354156
89,con_derecho,administrative_state,0.0,129.0,513.0,0.0,304.0163934426229,0.020197275716298733
89,con_pia,administrative_state,0.0,25.0,124.0,0.0,62.81967213114754,0.003914200720212932
89,prestacion_efectiva,administrative_state,0.0,2628.0,2628.0,0.0,1373.9180327868853,0.4114607797087835
89,lista_espera,administrative_state,0.0,1179.0,1179.0,0.0,604.5737704918033,0.1845937059652419
89,grado_I,degree,0.0,1511.0,1511.0,0.0,909.0,0.38146932592779603
89,grado_II,degree,0.0,1397.0,1397.0,0.0,803.1803278688525,0.35268871497096693
89,grado_III,degree,0.0,1053.0,1053.0,0.0,633.1475409836065,0.26584195910123704
89,teleasistencia,benefit,0.0,755.0,755.0,0.0,399.344262295082,0.2872907153729072
89,ayuda_domicilio,benefit,0.0,507.0,507.0,0.0,262.5245901639344,0.19292237442922375
89,atencion_residencial,benefit,0.0,323.0,323.0,0.0,173.0655737704918,0.12290715372907153
89,cuidados_familiares,benefit,0.0,1043.0,1043.0,0.0,538.983606557377,0.3968797564687976
90,sistema,system,6387.0,6387.0,6387.0,6387.0,6387.0,1.0
90,vulnerables,population,6387.0,6387.0,6387.0,6387.0,6387.0,1.0
90,no_solicitantes,administrative_state,6387.0,821.0,6387.0,821.0,2750.967213114754,0.1285423516517927
90,pendiente_grado,administrative_state,0.0,214.0,877.0,0.0,506.9836065573771,0.0335055581650227
90,sin_grado,administrative_state,0.0,716.0,716.0,0.0,422.0327868852459,0.11210270862689839
90,con_derecho,administrative_state,0.0,149.0,564.0,0.0,319.1311475409836,0.023328636292469077
90,con_pia,administrative_state,0.0,39.0,134.0,0.0,73.55737704918033,0.0061061531235321745
90,prestacion_efectiva,administrative_state,0.0,2977.0,2977.0,0.0,1552.1311475409836,0.466103021762956
90,lista_espera,administrative_state,0.0,1471.0,1471.0,0.0,762.1967213114754,0.23031157037732894
90,grado_I,degree,0.0,1688.0,1688.0,0.0,987.327868852459,0.364106988783434
90,grado_II,degree,0.0,1738.0,1738.0,0.0,1015.7213114754098,0.37489214840379637
90,grado_III,degree,0.0,1210.0,1210.0,0.0,703.9672131147541,0.26100086281276963
90,teleasistencia,benefit,0.0,869.0,869.0,0.0,457.5409836065574,0.29190460194827006
90,ayuda_domicilio,benefit,0.0,667.0,667.0,0.0,351.9344262295082,0.22405105811219347
90,atencion_residencial,benefit,0.0,287.0,287.0,0.0,149.21311475409837,0.09640577762848505
90,cuidados_familiares,benefit,0.0,1154.0,1154.0,0.0,593.4426229508197,0.38763856231105137
91,sistema,system,6387.0,6387.0,6387.0,6387.0,6387.0,1.0
91,vulnerables,population,6387.0,6387.0,6387.0,6387.0,6387.0,1.0
91,no_solicitantes,administrative_state,6387.0,687.0,6387.0,687.0,2639.5081967213114,0.10756223579145138
91,pendiente_grado,administrative_state,0.0,198.0,889.0,0.0,511.4754098360656,0.031000469704086424
91,sin_grado,administrative_state,0.0,832.0,832.0,0.0,479.59016393442624,0.1302645999686864
91,con_derecho,administrative_state,0.0,157.0,561.0,0.0,315.9836065573771,0.024581180522937215
91,con_pia,administrative_state,0.0,27.0,136.0,0.0,73.98360655737704,0.004227336777829967
91,prestacion_efectiva,administrative_state,0.0,3085.0,3085.0,0.0,1628.0655737704917,0.4830123688742759
91,lista_espera,administrative_state,0.0,1401.0,1401.0,0.0,738.3934426229508,0.21935180836073273
91,grado_I,degree,0.0,1656.0,1656.0,0.0,976.3934426229508,0.35460385438972164
91,grado_II,degree,0.0,1758.0,1758.0,0.0,1043.2622950819673,0.3764453961456103
91,grado_III,degree,0.0,1256.0,1256.0,0.0,736.7704918032787,0.26895074946466807
91,teleasistencia,benefit,0.0,987.0,987.0,0.0,520.2295081967213,0.319935170178282
91,ayuda_domicilio,benefit,0.0,648.0,648.0,0.0,345.655737704918,0.2100486223662885
91,atencion_residencial,benefit,0.0,339.0,339.0,0.0,184.37704918032787,0.10988654781199352
91,cuidados_familiares,benefit,0.0,1111.0,1111.0,0.0,577.8032786885246,0.36012965964343596
92,sistema,system,6387.0,6387.0,6387.0,6387.0,6387.0,1.0
92,vulnerables,population,6387.0,6387.0,6387.0,6387.0,6387.0,1.0
92,no_solicitantes,administrative_state,6387.0,772.0,6387.0,772.0,2694.0163934426228,0.12087051824017536
92,pendiente_grado,administrative_state,0.0,205.0,893.0,0.0,520.1311475409836,0.03209644590574605
92,sin_grado,administrative_state,0.0,615.0,615.0,0.0,360.4918032786885,0.09628933771723815
92,con_derecho,administrative_state,0.0,145.0,545.0,0.0,329.6885245901639,0.022702364177235007
92,con_pia,administrative_state,0.0,20.0,137.0,0.0,76.22950819672131,0.003131360576170346
92,prestacion_efectiva,administrative_state,0.0,3388.0,3388.0,0.0,1771.311475409836,0.5304524816032566
92,lista_espera,administrative_state,0.0,1242.0,1242.0,0.0,635.1311475409836,0.1944574917801785
92,grado_I,degree,0.0,1853.0,1853.0,0.0,1077.327868852459,0.38644421272158497
92,grado_II,degree,0.0,1594.0,1594.0,0.0,930.672131147541,0.332429614181439
92,grado_III,degree,0.0,1348.0,1348.0,0.0,804.360655737705,0.281126173096976
92,teleasistencia,benefit,0.0,1033.0,1033.0,0.0,535.0655737704918,0.30489964580873674
92,ayuda_domicilio,benefit,0.0,725.0,725.0,0.0,377.3606557377049,0.2139905548996458
92,atencion_residencial,benefit,0.0,394.0,394.0,0.0,204.29508196721312,0.11629279811097992
92,cuidados_familiares,benefit,0.0,1236.0,1236.0,0.0,654.5901639344262,0.36481700118063753
93,sistema,system,6387.0,6387.0,6387.0,6387.0,6387.0,1.0
93,vulnerables,population,6387.0,6387.0,6387.0,6387.0,6387.0,1.0
93,no_solicitantes,administrative_state,6387.0,723.0,6387.0,723.0,2606.8852459016393,0.11319868482855801
93,pendiente_grado,administrative_state,0.0,172.0,852.0,0.0,490.8524590163934,0.026929700955064976
93,sin_grado,administrative_state,0.0,1039.0,1039.0,0.0,627.0491803278688,0.16267418193204947
93,con_derecho,administrative_state,0.0,124.0,532.0,0.0,316.4754098360656,0.019414435572256146
93,con_pia,administrative_state,0.0,42.0,133.0,0.0,70.9672131147541,0.006575857209957727
93,prestacion_efectiva,administrative_state,0.0,3160.0,3160.0,0.0,1671.360655737705,0.49475497103491467
93,lista_espera,administrative_state,0.0,1127.0,1127.0,0.0,603.4098360655738,0.176452168467199
93,grado_I,degree,0.0,1572.0,1572.0,0.0,960.1311475409836,0.3530204356613519
93,grado_II,degree,0.0,1630.0,1630.0,0.0,962.2459016393443,0.36604536267684706
93,grado_III,degree,0.0,1251.0,1251.0,0.0,739.8360655737705,0.28093420166180105
93,teleasistencia,benefit,0.0,899.0,899.0,0.0,474.40983606557376,0.28449367088607597
93,ayuda_domicilio,benefit,0.0,660.0,660.0,0.0,355.0655737704918,0.2088607594936709
93,atencion_residencial,benefit,0.0,333.0,333.0,0.0,171.50819672131146,0.10537974683544304
93,cuidados_familiares,benefit,0.0,1268.0,1268.0,0.0,670.3770491803278,0.4012658227848101
94,sistema,system,6387.0,6387.0,6387.0,6387.0,6387.0,1.0
94,vulnerables,population,6387.0,6387.0,6387.0,6387.0,6387.0,1.0
94,no_solicitantes,administrative_state,6387.0,741.0,6387.0,741.0,2657.6721311475408,0.11601690934711131
94,pendiente_grado,administrative_state,0.0,186.0,887.0,0.0,495.4918032786885,0.02912165335838422
94,sin_grado,administrative_state,0.0,1152.0,1152.0,0.0,677.5409836065573,0.18036636918741192
94,con_derecho,administrative_state,0.0,124.0,496.0,0.0,290.8524590163934,0.019414435572256146
94,con_pia,administrative_state,0.0,25.0,123.0,0.0,68.59016393442623,0.003914200720212932
94,prestacion_efectiva,administrative_state,0.0,2886.0,2886.0,0.0,1514.7377049180327,0.45185533114138093
94,lista_espera,administrative_state,0.0,1273.0,1273.0,0.0,682.1147540983607,0.19931110067324254
94,grado_I,degree,0.0,1505.0,1505.0,0.0,908.0,0.34935004642525536
94,grado_II,degree,0.0,1702.0,1702.0,0.0,995.2131147540983,0.39507892293407615
94,grado_III,degree,0.0,1101.0,1101.0,0.0,653.0819672131148,0.25557103064066855
94,teleasistencia,benefit,0.0,1001.0,1001.0,0.0,532.327868852459,0.34684684684684686
94,ayuda_domicilio,benefit,0.0,583.0,583.0,0.0,313.4754098360656,0.202009702009702
94,atencion_residencial,benefit,0.0,268.0,268.0,0.0,131.01639344262296,0.09286209286209286
94,cuidados_familiares,benefit,0.0,1034.0,1034.0,0.0,537.9180327868852,0.35828135828135826
95,sistema,system,6387.0,6387.0,6387.0,6387.0,6387.0,1.0
95,vulnerables,population,6387.0,6387.0,6387.0,6387.0,6387.0,1.0
95,no_solicitantes,administrative_state,6387.0,935.0,6387.0,935.0,2835.7704918032787,0.1463911069359637
95,pendiente_grado,administrative_state,0.0,199.0,850.0,0.0,485.8032786885246,0.03115703773289494
95,sin_grado,administrative_state,0.0,627.0,627.0,0.0,370.1311475409836,0.09816815406294034
95,con_derecho,administrative_state,0.0,187.0,591.0,0.0,359.62295081967216,0.029278221387192736
95,con_pia,administrative_state,0.0,32.0,145.0,0.0,72.77049180327869,0.005010176921872554
95,prestacion_efectiva,administrative_state,0.0,3031.0,3031.0,0.0,1565.377049180328,0.4745576953186159
95,lista_espera,administrative_state,0.0,1376.0,1376.0,0.0,697.5245901639345,0.2154376076405198
95,grado_I,degree,0.0,1699.0,1699.0,0.0,993.9344262295082,0.3672719412019023
95,grado_II,degree,0.0,1742.0,1742.0,0.0,1003.8524590163935,0.3765672287073065
95,grado_III,degree,0.0,1185.0,1185.0,0.0,697.5081967213115,0.25616083009079116
95,teleasistencia,benefit,0.0,1041.0,1041.0,0.0,544.9508196721312,0.34345100626855823
95,ayuda_domicilio,benefit,0.0,656.0,656.0,0.0,335.91803278688525,0.21643022104915868
95,atencion_residencial,benefit,0.0,357.0,357.0,0.0,186.7377049180328,0.11778290993071594
95,cuidados_familiares,benefit,0.0,977.0,977.0,0.0,497.7704918032787,0.3223358627515671
96,sistema,system,6387.0,6387.0,6387.0,6387.0,6387.0,1.0
96,vulnerables,population,6387.0,6387.0,6387.0,6387.0,6387.0,1.0
96,no_solicitantes,administrative_state,6387.0,833.0,6387.0,833.0,2745.0819672131147,0.13042116799749492
96,pendiente_grado,administrative_state,0.0,188.0,863.0,0.0,510.42622950819674,0.029434789416001254
96,sin_grado,administrative_state,0.0,888.0,888.0,0.0,519.7704918032787,0.13903240958196336
96,con_derecho,administrative_state,0.0,158.0,579.0,0.0,347.59016393442624,0.024737748551745733
96,con_pia,administrative_state,0.0,45.0,137.0,0.0,70.81967213114754,0.007045561296383279
96,prestacion_efectiva,administrative_state,0.0,3180.0,3180.0,0.0,1634.7704918032787,0.49788633161108503
96,lista_espera,administrative_state,0.0,1095.0,1095.0,0.0,558.5409836065573,0.17144199154532644
96,grado_I,degree,0.0,1633.0,1633.0,0.0,936.4590163934427,0.36467172845020096
96,grado_II,degree,0.0,1625.0,1625.0,0.0,956.8524590163935,0.3628852166145601
96,grado_III,degree,0.0,1220.0,1220.0,0.0,718.4098360655738,0.27244305493523896
96,teleasistencia,benefit,0.0,880.0,880.0,0.0,461.6885245901639,0.27672955974842767
96,ayuda_domicilio,benefit,0.0,701.0,701.0,0.0,356.2950819672131,0.22044025157232705
96,atencion_residencial,benefit,0.0,341.0,341.0,0.0,174.08196721311475,0.10723270440251573
96,cuidados_familiares,benefit,0.0,1258.0,1258.0,0.0,642.7049180327868,0.3955974842767296
97,sistema,system,6387.0,6387.0,6387.0,6387.0,6387.0,1.0
97,vulnerables,population,6387.0,6387.0,6387.0,6387.0,6387.0,1.0
97,no_solicitantes,administrative_state,6387.0,949.0,6387.0,949.0,2817.3278688524592,0.14858305933928292
97,pendiente_grado,administrative_state,0.0,168.0,806.0,0.0,460.0327868852459,0.026303428839830906
97,sin_grado,administrative_state,0.0,987.0,987.0,0.0,582.5737704918033,0.15453264443400658
97,con_derecho,administrative_state,0.0,146.0,521.0,0.0,283.3114754098361,0.022858932206043524
97,con_pia,administrative_state,0.0,28.0,128.0,0.0,67.81967213114754,0.004383904806638484
97,prestacion_efectiva,administrative_state,0.0,3117.0,3117.0,0.0,1653.0819672131147,0.4880225457961484
97,lista_espera,administrative_state,0.0,992.0,992.0,0.0,522.8524590163935,0.15531548457804917
97,grado_I,degree,0.0,1512.0,1512.0,0.0,891.5737704918033,0.35302358160168107
97,grado_II,degree,0.0,1608.0,1608.0,0.0,938.1967213114754,0.3754377772589307
97,grado_III,degree,0.0,1163.0,1163.0,0.0,697.2950819672132,0.2715386411393883
97,teleasistencia,benefit,0.0,974.0,974.0,0.0,524.2295081967213,0.3124799486685916
97,ayuda_domicilio,benefit,0.0,699.0,699.0,0.0,365.0327868852459,0.22425409047160733
97,atencion_residencial,benefit,0.0,334.0,334.0,0.0,173.44262295081967,0.1071543150465191
97,cuidados_familiares,benefit,0.0,1110.0,1110.0,0.0,590.3770491803278,0.35611164581328203
98,sistema,system,6387.0,6387.0,6387.0,6387.0,6387.0,1.0
98,vulnerables,population,6387.0,6387.0,6387.0,6387.0,6387.0,1.0
98,no_solicitantes,administrative_state,6387.0,617.0,6387.0,617.0,2521.9180327868853,0.09660247377485517
98,pendiente_grado,administrative_state,0.0,195.0,1014.0,0.0,556.327868852459,0.030530765617660875
98,sin_grado,administrative_state,0.0,1309.0,1309.0,0.0,766.639344262295,0.20494754971034915
98,con_derecho,administrative_state,0.0,124.0,539.0,0.0,307.0327868852459,0.019414435572256146
98,con_pia,administrative_state,0.0,34.0,142.0,0.0,67.90163934426229,0.005323312979489589
98,prestacion_efectiva,administrative_state,0.0,2671.0,2671.0,0.0,1408.5245901639344,0.4181932049475497
98,lista_espera,administrative_state,0.0,1437.0,1437.0,0.0,758.655737704918,0.22498825739783937
98,grado_I,degree,0.0,1691.0,1691.0,0.0,996.2622950819672,0.39639006094702295
98,grado_II,degree,0.0,1506.0,1506.0,0.0,911.8360655737705,0.3530239099859353
98,grado_III,degree,0.0,1069.0,1069.0,0.0,634.016393442623,0.25058602906704175
98,teleasistencia,benefit,0.0,841.0,841.0,0.0,443.4754098360656,0.3148633470610258
98,ayuda_domicilio,benefit,0.0,562.0,562.0,0.0,295.3114754098361,0.21040808685885437
98,atencion_residencial,benefit,0.0,259.0,259.0,0.0,134.37704918032787,0.09696742792961438
98,cuidados_familiares,benefit,0.0,1009.0,1009.0,0.0,535.360655737705,0.37776113815050544
99,sistema,system,6387.0,6387.0,6387.0,6387.0,6387.0,1.0
99,vulnerables,population,6387.0,6387.0,6387.0,6387.0,6387.0,1.0
99,no_solicitantes,administrative_state,6387.0,747.0,6387.0,747.0,2665.44262295082,0.11695631751996242
99,pendiente_grado,administrative_state,0.0,208.0,909.0,0.0,555.5573770491803,0.0325661499921716
99,sin_grado,administrative_state,0.0,815.0,815.0,0.0,469.7049180327869,0.1276029434789416
99,con_derecho,administrative_state,0.0,169.0,582.0,0.0,358.9836065573771,0.026459996868639424
99,con_pia,administrative_state,0.0,42.0,132.0,0.0,72.91803278688525,0.006575857209957727
99,prestacion_efectiva,administrative_state,0.0,3180.0,3180.0,0.0,1633.5737704918033,0.49788633161108503
99,lista_espera,administrative_state,0.0,1226.0,1226.0,0.0,630.8196721311475,0.1919524033192422
99,grado_I,degree,0.0,1564.0,1564.0,0.0,919.5245901639345,0.3387481048299762
99,grado_II,degree,0.0,1701.0,1701.0,0.0,991.0491803278688,0.3684210526315789
99,grado_III,degree,0.0,1352.0,1352.0,0.0,785.7213114754098,0.2928308425384449
99,teleasistencia,benefit,0.0,1033.0,1033.0,0.0,531.2950819672132,0.32484276729559747
99,ayuda_domicilio,benefit,0.0,706.0,706.0,0.0,361.95081967213116,0.2220125786163522
99,atencion_residencial,benefit,0.0,325.0,325.0,0.0,168.75409836065575,0.10220125786163523
99,cuidados_familiares,benefit,0.0,1116.0,1116.0,0.0,571.5737704918033,0.35094339622641507
100,sistema,system,6387.0,6387.0,6387.0,6387.0,6387.0,1.0
100,vulnerables,population,6387.0,6387.0,6387.0,6387.0,6387.0,1.0
100,no_solicitantes,administrative_state,6387.0,728.0,6387.0,728.0,2622.2295081967213,0.1139815249726006
100,pendiente_grado,administrative_state,0.0,165.0,869.0,0.0,488.672131147541,0.025833724753405354
100,sin_grado,administrative_state,0.0,1086.0,1086.0,0.0,641.6229508196722,0.1700328792860498
100,con_derecho,administrative_state,0.0,158.0,565.0,0.0,308.9836065573771,0.024737748551745733
100,con_pia,administrative_state,0.0,25.0,138.0,0.0,69.67213114754098,0.003914200720212932
100,prestacion_efectiva,administrative_state,0.0,2880.0,2880.0,0.0,1547.377049180328,0.45091592296852984
100,lista_espera,administrative_state,0.0,1345.0,1345.0,0.0,708.4426229508197,0.21058399874745576
100,grado_I,degree,0.0,1732.0,1732.0,0.0,1046.0819672131147,0.3929219600725953
100,grado_II,degree,0.0,1594.0,1594.0,0.0,940.4590163934427,0.36161524500907444
100,grado_III,degree,0.0,1082.0,1082.0,0.0,647.9344262295082,0.2454627949183303
100,teleasistencia,benefit,0.0,869.0,869.0,0.0,467.7049180327869,0.3017361111111111
100,ayuda_domicilio,benefit,0.0,593.0,593.0,0.0,322.1311475409836,0.20590277777777777
100,atencion_residencial,benefit,0.0,333.0,333.0,0.0,176.8360655737705,0.115625
100,cuidados_familiares,benefit,0.0,1085.0,1085.0,0.0,580.7049180327868,0.3767361111111111
